CarMake,CarModel,CarYear,Car_n_serie,Car_plate
Kia,Sportage,2001,2e5tEci82xk2290i,S53718
Mitsubishi,Outlander,2010,4j4uHq6ZEcD3302d,MEU939
Toyota,RAV4,1998,2m7tAcz9Xn97519p,G8C746
Audi,TT,2008,2d9xIOoJ9lS9567g,BPY092
GMC,Sonoma,1997,9i6cEip2DrQ5231r,JOQ886
Mercedes-Benz,CL-Class,2008,1c5oDNkFV007848a,MVV853
Volkswagen,GTI,1990,0o6sFHzHLfx7823k,OIT774
Pontiac,1000,1984,1k9hKlpUAqr7224a,VX1571
Pontiac,G6,2010,4d7qYU3ENjl0303z,BOD350
Jaguar,XF,2010,2i1uZelWRdO2617e,SAJ498
Lexus,ES,2010,9k7bNo8MDg33410q,KMN340
Mazda,RX-8,2008,2e1dNJxTGtV4396m,FZV002
Mazda,Protege,2000,5h2eWnuWOnE4653r,CX4103
Cadillac,SRX,2008,1h0eKGnGZdH7105n,XWD524
Land Rover,Discovery,2000,0h1cTljWSx56758u,DT8356
Mitsubishi,Pajero,1999,4r9pGdeG7n34747f,QVD796
Bentley,Continental GTC,2012,4f4hQccQZqE6009v,QIQ618
GMC,Rally Wagon 3500,1993,7v8fXvpS2r42949a,DE3910
Toyota,Land Cruiser,1992,6i1kG1hBXd72929a,ISD926
Subaru,Legacy,2012,5p6rHI0HDze5185r,C2N326
Ford,Ranger,1997,4t9jVRcWIwD9650f,QQZ845
Ford,Expedition EL,2012,9f8aKy7EAio1563q,GF8119
Hyundai,Tiburon,2007,4e7iA6s8QtG4185r,SNC582
Mazda,Miata MX-5,2011,0c8aOfxRNtS0470z,KLI806
Audi,4000s,1986,9j2nVU6N8tH4138g,H1Z892
Ford,F350,2002,3c5vSC8NWf20752r,SFD487
Dodge,Neon,1998,8y9qObjOD4C3581v,CNB242
Ford,E350,2010,6o0uFo6R8jV5839r,G32029
Plymouth,Reliant,1981,4e5jPT2C5042814u,DUX128
Chevrolet,Suburban 1500,2003,8f6aXmb655z4937b,GS6254
Jeep,Liberty,2012,1n6bIk6PJsJ4847i,FKK908
Oldsmobile,Bravada,1993,4h4lCTg52bs7861j,TDG802
Pontiac,Grand Am,1989,1s7xRqyTNgD5897e,EA8054
Nissan,Xterra,2006,1v7fUElPC0v8011f,I88627
Oldsmobile,Bravada,2004,5w6jKu7QQvs2379d,ABC035
Suzuki,Sidekick,1997,0j8xSloJI5c7309q,R7D879
Toyota,Tacoma,2010,5y4mA1lEEa80611i,TFA180
Suzuki,Vitara,1999,2d5sUY51UvQ8156z,K8F145
Kia,Sorento,2004,3l1wLY0VT6V8177h,SLF315
Chevrolet,Caprice,1994,7n7oDIgH4vL8971i,QXC635
Honda,CR-V,2012,8q4rUVbJ3zb9224h,EMA604
Plymouth,Reliant,1981,3a5iKrp5YfI8395c,HMM480
Volkswagen,Golf,1986,1m6qPD2JJyz5880w,QR5458
Ford,Econoline E250,1997,6z8yPwu34jM4284x,L5R488
Toyota,Corolla,1996,1d4gDIs5IkN9592m,PTO146
Buick,Lucerne,2010,0y4lMNmJKn89181w,IT8675
Dodge,Journey,2009,4o4jCr8Y82J5809b,VFP182
Kia,Forte,2012,5v0bBOv2PiK9280u,V3X787
Mazda,RX-7,1986,2y5cMdhIN692261g,IBC388
Porsche,Boxster,2004,1d5zAmaZH6D8465z,DE4284
Toyota,Tacoma,1997,0v0nNI48Hms5020m,K21143
Dodge,Avenger,2008,6f6rC4jJ3dF7804n,L0X635
Jaguar,XK Series,2004,3r4hEDcUV3k8470m,Q8Z088
Mercury,Mystique,2000,4u0lZ7y0SgJ8113b,DGV375
Lincoln,Blackwood,2002,7p9xS5cYQve9349b,ZMR959
Ford,Ranger,1999,8v1pLp4S12v1450d,Q90349
Jeep,Grand Cherokee,1994,4d2mLS2Y1cC8701c,ZA9980
Buick,Regal,2004,3m6xQ6849oN8814n,X09340
Toyota,4Runner,2010,0y0oIcbM5tA0369u,TAP273
GMC,Sierra 1500,2012,7w6pCn85O8c1077r,V40310
Mitsubishi,Lancer,2002,1a7cPmoOQ1L9968h,TBM671
Toyota,Tacoma Xtra,2001,7s2cLgyVMw41126r,FDW514
Volkswagen,Eurovan,1993,2k2qJgqR6ix6298q,AVX234
Mazda,B-Series,1993,8g3kTye40kP6257s,BKR423
Ford,Fusion,2011,8f2aAMp7Qt76313r,J79334
Jaguar,XK Series,1999,9j6sCek4Wl24967j,SSZ696
Infiniti,G,2004,2n5mHE7BY7I5882x,WHI860
Chevrolet,Corvette,1965,4y0aZEsUNrx5944c,LAL743
Chrysler,Sebring,2008,3e9vKD1YFoc1620q,SFZ722
Ford,F150,2006,7g9gKgmMPxD3654w,MPO631
Oldsmobile,Ciera,1992,9j5sT68T3wm7362w,FEO845
Pontiac,Bonneville,1986,4p8kLHtLEw87350w,NYZ625
Buick,Rendezvous,2004,7w8qBvp5Dyi4714d,CMI715
GMC,Yukon,1994,1n4dAa7SMdw2533x,UTZ390
BMW,M Roadster,2007,1i4wLDt3WsQ6202c,HE0012
Mitsubishi,Endeavor,2004,6i8cHSg5S637629r,G91909
Isuzu,i-Series,2008,8d5tT27ZA0i8576a,MME676
Mitsubishi,Eclipse,2008,6b8hBNdUW1t3362m,YN8656
Oldsmobile,Silhouette,1993,3a7tKNjU10L1396l,CXU123
Lexus,ES,2005,6h5eWxj05m13019h,LSF623
Ferrari,612 Scaglietti,2010,8v2nXZb94k78363y,S8D378
GMC,Jimmy,1994,2w4dMi7MT4U6990j,U7J584
Dodge,Daytona,1993,4c3aQa3P8uL7158l,HHV153
Ford,Fairlane,1965,1k0qRA1TUdh8375a,G72841
Mercedes-Benz,E-Class,1984,9i7dSJjRX2C3068y,SBS210
Ford,Bronco II,1985,1p3zSi7VIrt9519c,WXK980
Lincoln,Town Car,1985,6r8rMr18I8W2693o,KCZ395
BMW,Z8,2002,4d9tQMt3Iwj8593p,NJV591
Lincoln,Mark VIII,1996,6d8vGU8OVaD4572v,UOV065
Kia,Sportage,2011,5x7mGvzY7gI2693j,VKL356
Toyota,Prius,2011,9e4wWw0OMkX8457d,ADP053
Hyundai,Tucson,2005,2i4cTScEPsF1857g,TPL390
Volkswagen,Golf,2010,2k6qVyvXEht0412l,VWP008
Toyota,Camry,2001,5z7eKWm2Ycy5701a,KLG632
Land Rover,Range Rover Classic,1993,5o6eSwb0Myl3598z,QSO322
Infiniti,Q,1995,1i4cVe8GNmh3136e,NIY282
GMC,Suburban 2500,1994,8r4tQhi6A6o6850g,E0Z965
Ford,E-Series,1991,4c2aIh3VSok3526g,EG5551
Ford,Festiva,1993,1r5gLFwZU0a8471e,DJF674
Mercedes-Benz,E-Class,1996,6h9qNn2K7j54525r,Z3F675
Suzuki,Samurai,1994,3f4gW2hF1mp4445i,MAR641
Saab,900,1987,1x0qHpt04594060f,J8L254
Mazda,B-Series,1991,7j8mDWkZI7A7718t,ZZW359
Lamborghini,Gallardo,2012,2b1fWTsI37d2611w,CSL424
Infiniti,G,2003,4t5pRcz7GzQ7051q,FJL377
Saab,9-3,2000,4h3vDX6Y87O5275n,XNL993
GMC,Sierra 3500,2011,,YY4347
GMC,Sonoma,2003,7i8xKihZX7j3367m,D2W968
Ford,Windstar,2001,7u9eZYuW49P7567n,U9T033
Chevrolet,Suburban 1500,2006,2r8vTf9PRki0076j,AYU610
Chevrolet,Lumina,1997,9t2zY9yK72b7018v,WK8661
Volkswagen,GTI,1988,0g9xTIl09sG0159k,GRA239
Subaru,Loyale,1992,7x3rAArK0bJ1142t,JME816
Buick,Roadmaster,1993,7z1vPxcPIbL0158c,XFH592
Subaru,Impreza,2000,5y5mRndF17X6860o,S09675
Porsche,928,1990,4j6rHXzYP1L4943y,OVT327
Mitsubishi,L300,1988,2h1mBHpX37I0260q,FUL344
Ford,Edge,2012,8b4hBf2D8vn0088h,KNE687
Hummer,H1,2006,3z9fP3jT3uc9582o,PB1684
BMW,1 Series,2012,6a1rKns4V966183d,VIE418
Mercedes-Benz,300D,1993,7e5tEOa1XlH9408w,U35078
Toyota,RAV4,1998,4v9hGTjZVeg9940p,BB0430
Pontiac,LeMans,1964,9u3qRnrGXm87829c,LZU933
Nissan,Armada,2010,3x0mAAh1Vvw6693p,W5S651
Pontiac,Firebird,1991,7b0jSP4R0279156u,MKN054
Honda,Ridgeline,2011,4p0qU82Q4b70592x,ACW148
Maserati,GranTurismo,2011,2f4gYfd75yZ8384z,DA0963
Toyota,Tundra,2001,6k4yUBe2Flu7118k,F3W732
Audi,S4,2000,4i4kPZoKWcy7171x,ORC541
Hyundai,Elantra,2005,5q8xZCrVLkB7469j,TB7771
Chevrolet,Blazer,1997,6w9mJ0xPZjY6328u,GP5004
Lexus,RX,2006,9r9oJCwVVsj7227o,V6Z888
Maserati,Quattroporte,1984,9a5tUz5AZ7B4351c,D9R994
Chrysler,LeBaron,1992,8a4eAOuCN2m4128j,LCY700
Ford,Excursion,2003,4a6dA1qOYys2843t,ONI242
Maserati,Biturbo,1986,4f0aHu09ArP5191k,J16718
Mazda,626,1987,5i0oZbh5YdF5219n,K92293
GMC,Sierra 2500,2011,9d8uIteHQcC4936b,C24121
Ford,ZX2,2002,5s6nYj6PLj98289h,HWF442
Ford,E350,2007,6u2wWMeBDaD0203z,O0C902
Chevrolet,Impala,2003,0t3vZ5jZ4er4568d,TMS635
Toyota,Matrix,2012,3j4sAIcQB0U1813q,QBH858
Mercedes-Benz,300SE,1993,3g7qZ9vXQ0a8714h,RBX497
Honda,Accord,2005,9s5fOX48JoY6231x,AJ0140
Volkswagen,Passat,2007,8c0vQKlT1pD2670d,GD7549
MINI,Cooper Clubman,2012,1w9kPIy65um8804j,HVY465
Mercedes-Benz,W201,1993,3d9qKAhSFa77062n,DWA081
Mercedes-Benz,R-Class,2007,3a0wGp3CY881650o,CSR707
Mercury,Grand Marquis,2006,1o9nSqa7KzA4281c,M6C870
Mercedes-Benz,GL-Class,2009,7e5zBby422v0369g,EB0802
Toyota,Prius,2011,4p4yJt9N3aF3403p,TMY023
Ford,Fairlane,1966,1c8xPWzO5xr8902w,P31338
Mazda,MX-5,2010,8c4qUZxZBhJ1175g,RW1698
Hyundai,Accent,2011,2i3qBBu3Cus0539m,YPX867
Pontiac,Montana,2003,2l1rEeiOF4F5930m,UE2309
Cadillac,SRX,2004,1m2pJyg6Ump0436j,OW9753
Mitsubishi,Lancer,2011,7l0tSW6S9sZ4343j,W56154
GMC,Sierra 1500,2013,6j0dMjhZLxm7955x,JUZ072
Chevrolet,Suburban 2500,1998,1b2rANfKAfH1598f,Y5G128
Audi,S4,2000,8c6xMSw6YxK4213c,WS4704
Lexus,SC,1997,6g2xQmaLW4A5557o,AQP958
Mazda,B-Series Plus,1996,1l5xELiB1r02760e,NJU427
Honda,Element,2003,4v6bBHsWVmZ6285h,B04373
Mercedes-Benz,W126,1981,1i2mDG9T8220348u,WNN933
Nissan,Quest,2000,9z6tKYgZ8d26272u,L8R255
Chevrolet,Prizm,2001,1u1aUsg6Z153165l,NV4250
Toyota,Tacoma,2000,3d4fVanRJrJ6479k,O6P132
Chrysler,Town & Country,2012,6g0dN0eJKxc8059v,LTV757
Bentley,Azure,2008,2m7gVMjW2uv8877p,D25643
Mercedes-Benz,300SL,1993,8m0dX9mWEcL1043a,MAJ746
GMC,Vandura 1500,1993,0i2jFqzP5l20206d,CK5970
Dodge,Ram 3500,2000,5a4eHhyYPcj1455z,N8D173
Lexus,GS,1997,0s2bDdeG6nH3949b,U77983
Jeep,Patriot,2012,0h6iUGxUKlD8617v,OYJ965
Dodge,Stratus,2003,6h2bGKkVYvY3389v,W2S471
Mitsubishi,Mirage,1991,3l6mU1rCS7U4506c,YU9802
Porsche,911,2010,4x0iWT0E85C4900f,SY2865
Maserati,Biturbo,1985,3f5uSFjMUni3652g,OEF275
Mazda,Familia,1986,8y2bDEcLE212639u,W15837
Porsche,911,2007,4e6vUDoS0iK5951u,ZTT175
Subaru,SVX,1994,3r6bRMtCR1o3664e,EH7885
Mercedes-Benz,S-Class,1993,0n9aW5u40cD7800e,WOB909
Hyundai,Accent,2004,2p9tNX6RXyk2029h,DTA972
Jaguar,XK Series,2013,0p8iCvrHToN8768x,C9D193
Ford,F250,2007,7y7uTfoQW8t4044b,X8A562
Volkswagen,Corrado,1991,4q5iFMnKE885675y,JXX291
Bentley,Continental GT,2012,8y0tVXi3IpB6013n,UCR450
Pontiac,Gemini,1989,,ZAN005
Cadillac,Escalade,2002,2y0aNZh6JiF8919m,DNL661
BMW,525,2004,2y1sAfxO8q76591m,MNC290
Kia,Sportage,2012,0m1aUI0L7ru9748v,A9Y597
GMC,1500,1995,5m8aSXeF7wS6110y,ZDM581
Lexus,ES,1997,7p8vCO8PD0n3364c,WD1575
Chrysler,Town & Country,2011,1k8hVxqR2er8225q,TCU841
Eagle,Talon,1996,4h3oOLwI3lq6624b,J9T531
GMC,Envoy,1999,7m9qDkm2Qnk7124u,I4F134
Lincoln,Mark VIII,1998,3d2gJdlLG1S0365i,NCT011
Lincoln,Town Car,2007,7b6nTbx5Ne48523a,LLI117
Hyundai,Azera,2012,8i5jLG2XFeT4966j,K4I893
Volkswagen,Type 2,1985,6j3qALfJPky9995k,QS6522
Lincoln,Mark VII,1984,5g7eZbpT5oI4015k,GQK429
Porsche,911,2011,8o6iQs26AuK1486z,MC9731
Ford,Laser,1988,7g5mMKkDZzA1820u,DZR973
Toyota,4Runner,2010,4y4gVSg5Ude1216q,WS3464
Aston Martin,DBS,2011,0z2nXBd8Z4J5896i,PAD893
Honda,Civic,2001,4f7aXjq5Y0A0272t,HCP882
Audi,90,1994,9b8dTx2U07O2297u,L4K529
Saturn,Ion,2004,4x4vRRvOYmS3957t,XM1794
Chevrolet,Tahoe,2000,,LS6545
Volvo,S60,2005,7i2vVokUNf69356o,V3N326
Ford,Econoline E250,2002,7d1bKOuHSj87965r,OSL511
Mercury,Lynx,1985,8y9cXOzG7uD1351g,K9J557
Mercedes-Benz,CLK-Class,2002,1z8jB506ErF6367v,RMZ076
Audi,Coupe GT,1986,7c5dW4oH63O1668j,L2A995
Chevrolet,Express 2500,2011,3u3tMGd7L2e7943p,BE9641
Mazda,CX-9,2007,9h3dJA1OWgq4154w,W1E292
Toyota,Camry,1994,3j9rXx1K42E1120a,KYX449
Subaru,Justy,1989,9b3nFJz3J0y4801k,F4K321
GMC,Jimmy,1997,0i8tTot70sk7714y,AVE572
Audi,A6,1998,8k9qJZj8Gzy6515n,FGH017
Toyota,Tundra,2000,7u9rKgeCFuy5369s,BDW824
Suzuki,Daewoo Lacetti,2008,3k1mEMo793Y5099h,W34864
Porsche,Carrera GT,2005,8p8oUFzEG6R5141c,QF4498
Chevrolet,Express 2500,2009,7i0gPCoC8mh9017s,CM1661
Aston Martin,DBS,2011,9q1sRJk569t6864i,GNY791
GMC,Safari,1992,9u9zUBi5J6w4923i,J7Y217
Suzuki,Vitara,2002,7f0zLYbZ1tT6785t,FS5849
Ford,Thunderbird,1986,2w2rXThKB5V8813y,CAI327
Peugeot,207,2007,9b5pNX48Iw20633m,BN6537
Kia,Sportage,1996,3u3bXTzDXpU4394e,WUL536
Subaru,Tribeca,2006,5f6pH069Zjg7854e,EG7690
Chevrolet,Silverado 3500,2009,5m0wSP8UE2w1011o,D01042
Lamborghini,Murciélago,2005,4i5qTJnNZoE5059e,VC1518
Mazda,929,1988,4a8tVap0G835412t,OHT436
Mercedes-Benz,SL-Class,1997,1n0cFwu2QtA5647f,SRC262
Subaru,Forester,2009,1u0lA176Df65512j,QDL215
Lotus,Esprit,1986,2s2eZQ1H9tn1206l,GVG838
Lotus,Esprit,1987,3f9iIydIJu45404u,BDA170
Oldsmobile,Aurora,1998,8z6dHrf7D083282l,YWP275
GMC,Yukon,2012,7h3sNvuTReq9456q,BSR407
Saturn,Ion,2003,2s8hJd46L4s0810g,DMS580
Volvo,V50,2010,6f1pAdz1Mhx6020h,TT1362
Suzuki,Esteem,2000,9a2mXPzO1nw1945c,AZH883
BMW,8 Series,1994,5c6zXNlF0io4345d,HO7583
Toyota,Matrix,2012,5m2tPxeM4wX7178q,CCB874
Cadillac,Escalade ESV,2012,9b1vGUl6E9q5858f,RMY645
Eagle,Talon,1996,2w4hXYfIUay8709i,NB7244
Audi,A8,1998,8o8xRVu9WdW7970q,O9Y144
Buick,LeSabre,1997,0c7hBheW37R2095d,P3Z830
GMC,Sierra 1500,2003,2z0gCfoSMsa7107z,BWX940
Kia,Spectra,2003,3r8hZ0m865d3809k,LQ4109
Kia,Sedona,2006,6p6bFcvQ3rX1300i,E4X695
GMC,Jimmy,1999,1d4jDG8UN6e1041r,DEE316
Honda,del Sol,1994,3h6cKr781tz2240c,Y23667
Toyota,Supra,1998,2k9xK7fM7bY8341r,I36373
Pontiac,Grand Prix,1976,6q1gLpy7J096740s,VMG422
Cadillac,Escalade EXT,2008,6o4oD13CBis0002e,GJX891
Cadillac,Fleetwood,1995,3z7aEtyM3ql1396d,RL0897
GMC,Yukon XL 2500,2000,0i6pX8f53i06420e,MSO684
Hyundai,XG350,2004,0g2vFWxYKhW4440z,J4J201
Subaru,Alcyone SVX,1995,6a0dVRsYAwM6058a,I9F315
BMW,5 Series,1999,3m8kSd57VhW2034p,IXC743
Dodge,Ram Van 3500,2001,5h5rLdv55sa4164h,Q6H166
Infiniti,G,2010,6u7qHyuTOsp8675t,S81804
GMC,Jimmy,1998,1t2kSslTZdm1139e,EEC726
Mazda,B-Series Plus,1996,8p7fTnnHG9b4034q,I7I785
Ford,E250,2004,0y0zDpuRWe60573h,HOU989
Chevrolet,Tahoe,1999,5h5oAaj0W145420w,X38142
Mitsubishi,Truck,1985,4c0fKPoFL2W4035s,OFS652
BMW,Z8,2002,,NET520
Nissan,300ZX,1992,4e3mQNsWY4u2850c,HE7258
Volvo,940,1992,1f6vYF8AWcd2181z,P3T642
Plymouth,Grand Voyager,1994,1u9lW4tZD1r1125m,YRO937
Toyota,Prius,2010,7i2fEogZL3A8610o,K2C528
Dodge,Ram 2500 Club,1995,9d2qWT05I6b8710c,FPC263
BMW,7 Series,2000,3a4cMXeJIfv1375f,T97390
Mercury,Milan,2006,6p2qEYtSEys7456k,NCJ585
Jaguar,XJ,2007,2o1oTFp1Gre8114g,TLI967
Chevrolet,S10,2004,5s7bPomQN6K0457q,QCA630
Dodge,Ram 2500 Club,1997,3o1sGYy72f63141j,B8D753
Mitsubishi,Diamante,2001,,HUQ447
Volvo,V70,2009,8s5eZ4uH94G2717b,BMB978
Nissan,370Z,2012,9c6wRB14AnW5315y,N70700
Suzuki,SX4,2012,2u9cTsvF48U5656p,G8O414
Mazda,RX-8,2009,5m6nHAn9UiJ9935c,CE1108
Mitsubishi,3000GT,1996,7w5uL5cLJpE5681b,IU6560
Nissan,Quest,2009,7x8rR8q266Q7066q,D0V985
Chevrolet,Silverado 2500,2005,2s2sWy9LN1a0839g,LX7748
Saturn,Astra,2009,2x5zVGtUIqT5767e,X68878
Mercedes-Benz,600SEL,1992,2j8cXgrDLpM2798g,NLH369
Volvo,V70,1999,7g2mHjr22iU0783s,ELB763
Land Rover,Range Rover,1998,9y4eOBrY7hw3821c,JXQ486
Toyota,Highlander,2008,3t8fFDmLFfQ7246c,MY4376
Mercedes-Benz,CLK-Class,2000,7k3ySJpVXje7353n,CMJ466
GMC,Yukon XL 1500,2002,0y8oNsq48nA9207d,W8Q605
Plymouth,Grand Voyager,1997,3h4yIvkD24K9257c,E5V389
Honda,Fit,2011,2k5hJDyVEcN9796r,H38426
Pontiac,Sunfire,1995,3o5nRru2G2V9970v,Y1Y680
Audi,A8,2011,5l7tIyd0Uvk8215z,UD7452
Aston Martin,DB9 Volante,2006,2o2qUyu80cm5813s,IZ2718
Isuzu,Trooper,1993,8n2zZQ81E413967l,WGC956
Chevrolet,Tahoe,1999,9w9vJGzLR4Y2343t,Z7R489
BMW,7 Series,1998,5h7wHVqDVev3521z,VML039
Oldsmobile,Alero,1999,9p7kSq8QRit0881x,R8L194
Cadillac,Seville,1993,0y5cSma79sZ2497s,B8A097
Dodge,Caravan,1995,1v9vSgzXJs41403o,LJS700
Subaru,XT,1990,7a8wMdmPD6I7475y,T38661
Maybach,62,2007,0s1vNi3GRsj9431r,S50450
BMW,8 Series,1995,5c3kOBlVMcQ2384s,SJW685
Toyota,Celica,1983,5i2aF8yRIw29198t,LOF780
Mercedes-Benz,C-Class,1998,1b2gFmn30w51580l,UT0551
Lincoln,Town Car,1992,8v7kQGeNZ4L6224z,TVJ922
Chevrolet,Caprice,1994,4j5rLcgCStw5868g,YAQ332
Nissan,Altima,2009,5h2lPiaI2tp5892t,O2G942
Mazda,MX-5,2003,7i2bV6jCPbE0870v,CZ5881
Geo,Metro,1995,5v3eMiuMY6E1133l,BJX892
Mitsubishi,Truck,1988,4c9zKxmXPc63293k,K18633
Volvo,C70,2007,6t8bYin8Bjm2056i,IY3429
Buick,Skylark,1992,8g4qKonWRpW2401i,P1K376
Mitsubishi,Pajero,1994,4l3sX69IFfp4122e,QAL103
Subaru,Legacy,2004,9h5cNni098t4293d,IFG198
Ford,Fairlane,1965,7g6lEApBT3Q3402b,VRQ444
Toyota,MR2,2001,6y8lO3mU7aZ8572d,SAA327
Dodge,Grand Caravan,1993,2f8pEGr3Atf1443g,JM5318
Chrysler,Town & Country,1997,3a1xJAmP5cw1309l,IB9776
Land Rover,Discovery,2012,1v9cPb9043M8241w,I4T367
BMW,650,2006,4l2rN59CI3I1744j,QVX106
Mitsubishi,Truck,1995,2l8bMVqVKvP4908w,M7F202
Subaru,Brat,1984,2i0iG8uGCoS0847s,AQS989
Lincoln,MKS,2010,8z8aWXeJ8kh6529u,BIU254
Hyundai,Accent,2006,0s4bYu7TTqc8441x,HK5176
Mazda,Protege,1992,0n1pHZpX7e17070x,EMN082
Audi,Cabriolet,1994,2u2bDNrRG6M4291b,GU7631
Dodge,D250 Club,1992,6g0lIMfNQv93658u,FDH352
Mitsubishi,Montero,1995,7r9vOuiT3vL2294v,PJ6308
Oldsmobile,Ciera,1996,5e7jUL7GFev4385u,NIZ796
Mercedes-Benz,S-Class,1992,9f3rPAsGCtA1095d,HFL916
Pontiac,Grand Prix,1990,6q3kUdjVUdX5353h,RE2684
Ford,Th!nk,2000,9j4lIl50NzV1374x,TE3717
Chevrolet,Express 2500,2005,5t0eCpmBNgD0434j,P2V898
GMC,Safari,2003,3x3vDLm6Vci4659a,JXV370
Toyota,Previa,1991,1g5kCmyOFp77825v,UWF494
Volkswagen,Passat,2009,8n1uAFyCDa47066u,VHW534
Ford,Mustang,1994,7h1zIGpZHqF0941p,SPK975
Volvo,C70,2012,1j8ySn31J8B3445d,AW0361
Mazda,Mazda6,2006,2s3lBXvJS6o0787y,WGN546
Volkswagen,Eurovan,1999,5y2qW4gCHzu2355k,ROP431
Honda,Accord,2002,8o2gYruVNlx3592v,LF4401
Plymouth,Neon,1996,9v2eAPgRDsw8639b,N3D258
Chrysler,300,2012,8v0lXInH0j65931k,NXV398
Nissan,Rogue,2010,3p4zFdtPQza5209c,EIP956
Mazda,RX-8,2009,8i4fP6x7C5Z5321x,Y6E156
Ford,Escort,1988,3z5vA9tH2eC9501u,N22141
Maserati,Biturbo,1986,4j1oKcdXN286638t,P8V106
Dodge,Stealth,1992,7w3mBVkB53Y4886c,KV6901
Subaru,Outback,2010,3k2wDT4I0rh1740k,ZUA515
Acura,RL,2007,2s4wZjtN6sx4252s,UON787
Mercury,Monterey,2006,3c4bWPfK3dQ4064u,VLS050
Lexus,IS,2005,7z4cTAt7U387965x,MXY400
Pontiac,Parisienne,1986,3q0fRw2GC1r8577v,WG0751
Nissan,Altima,1997,3g1fAsgRJ3m9365q,A1E496
Honda,Civic,2002,9m3dQvyB1uM3913h,H7S254
Toyota,Land Cruiser,1996,3a8bZ1dDFbc4703i,MUX266
Chevrolet,Citation,1980,0o8zEa80Dpr3292h,YIT030
BMW,Z3,2002,7u8tTVfDMzD3580a,P1J049
Chrysler,Cirrus,1997,2u7eN39EOq90582j,XGC977
Toyota,Camry,2012,2v5jZa9KCiz2071e,YVF319
Toyota,Sienna,2003,1f8gFDiNLyP5773x,QRF737
Dodge,Viper,2008,6a5yTReDBge5763x,P36461
Porsche,911,2012,1j2pQ093L279612r,ZYX563
Dodge,Dakota,2011,0c9tSQr2WeY2147v,NS6281
Chevrolet,Impala,2002,0r9qKMh0IcR7339d,MR5620
Mitsubishi,Montero Sport,1998,4i9jGmrVDvL9926t,J6J126
GMC,Acadia,2012,2x4lFF0MNfq0484t,XDL907
Chevrolet,Astro,1998,7t2mEKtUVyD5224g,B2X433
Daewoo,Leganza,2000,3n1oKu3PQw64730u,CES656
Kia,Carens,2007,0h4dJoeSK8t4291y,GT9547
Pontiac,Firebird,2001,7o2oXXmNFv22071d,IY6714
Dodge,Ram 2500,2006,1b8mOojDWrS9855d,Y30341
Hyundai,Sonata,2010,9s2sPco788g2854s,TUZ394
Mercedes-Benz,300SE,1993,0x8nAEjDVbv0522y,NJR117
Mercedes-Benz,E-Class,1996,1a6rQHhFMxA4829w,TWD039
Daewoo,Leganza,2000,7o7yEOgUQnl0803k,AN4356
Lexus,RX,2003,1a9qKh93XaV0650p,OGI383
Studebaker,Avanti,1961,7n3nGQ94Nsg8187m,KCX226
Ford,Expedition,2007,0g0aIqbSLqG1188r,B74319
Mazda,Miata MX-5,2009,0y4rTj3YXyB7539b,D0K792
Mitsubishi,Mirage,1989,8d6fQkvDUkv8225y,CGF056
Land Rover,Discovery,2008,7m1xRzfCQsp0024j,PHA267
Maserati,Spyder,2003,5d4lHFeFYkH8899b,XO7812
Land Rover,LR2,2008,5v8jG047Z7U4688o,CNY936
Infiniti,Q,2002,1n2tRo78PiJ0955c,S32011
Kia,Sportage,2010,5y0eAdpN6zj3741i,YOS809
Ford,Taurus,1989,6m5pKViPKrd2542s,XPA786
Volvo,XC70,2006,1j9kKmb7NxI8118n,CZ7110
Ford,Explorer Sport Trac,2010,7i9dAdpNB8p2912w,ATY543
Mitsubishi,Tredia,1988,,WRS646
Buick,Park Avenue,2004,4e2eL7mZQhu4289b,DJ4758
Mercury,Mountaineer,2000,4l2bGBp594L3095q,UWZ817
GMC,Rally Wagon 2500,1992,1k7jVD65Ekv2788f,DQ5232
Oldsmobile,Silhouette,1994,0x5lGFdMQe22198g,NK9122
Toyota,Celica,2005,9n2sIc2UI792609r,BBM883
Mitsubishi,Chariot,1996,2e5sROfZVnP3629e,EDL236
Hyundai,Accent,1997,9n8fZoiWD3T1306z,YCA777
Jeep,Cherokee,2001,6i7cRNg8MxZ3857z,AHQ186
Mercedes-Benz,S-Class,1985,1i8iPDlQ9mE3022d,DRP186
Ford,F-Series,1991,4c2lPJnRD1g7570c,K6N595
Ford,Focus,2001,4r4wP81HQ7Q9267v,NM2467
GMC,Savana Cargo Van,2006,8m9eNAd1VuF2899s,TIP845
Volkswagen,Routan,2009,7v2iMSwPOk58113e,NBB693
Jeep,Cherokee,1992,5r8xZL98Fis2180i,ZVN461
GMC,Rally Wagon G3500,1996,1f3oSph5Gy07947i,DLU021
Volkswagen,Passat,2002,3r7nSZxZNe84114k,L8K984
Scion,tC,2005,6p3cCPt9BoE1382q,C92736
Volkswagen,Fox,1992,8c7dKknMKzO1288i,DGM931
Hyundai,Sonata,1994,4t4xOv69XjL0784v,EZF060
Ford,F350,1992,5f5dN9lH89z2387w,V5W285
Saturn,L-Series,2000,9k8kH3b4Kl32371g,IL4620
Mercedes-Benz,R-Class,2007,3t4hTu13Hr98044p,UNA183
Toyota,4Runner,2006,8w8mZCvEOls0493t,J8L391
Dodge,Ram 3500,2010,7z6hNZ6WH168532h,GVL397
Volkswagen,Eurovan,1994,2a9zKkkZ1nt7663x,ARA151
Honda,Odyssey,2004,1w2zYfpSQiN9338l,IJO864
Mercury,Grand Marquis,2001,4t2oH3hLKsZ6805d,D1L319
Buick,LaCrosse,2005,6k5sOS85L3C5280p,GOD780
Cadillac,XLR,2007,5b4mLEbWYsW8659z,Y3F362
BMW,M3,2010,4v8rOWjDZoD9821z,EAG322
Pontiac,G6,2007,0k0hTLjNWtX9414q,VVM915
GMC,Savana 1500,1996,9r2kN13QJm42862a,FCR150
Toyota,Tacoma Xtra,2002,7y3zNmqR8h91154z,G1T178
Dodge,Ram 2500,2002,1p3gY0jAXhM5667h,QOC752
Chevrolet,Silverado,2007,3v8iS3hQVun5389u,YUG694
Dodge,Durango,2000,4u6zIgrBVzi4255e,YNI197
BMW,7 Series,1997,2f2cNdi4B659385s,F1T436
Mercedes-Benz,300E,1992,8e9tKQc1J1F2859q,GDN803
BMW,X5 M,2013,8m3oUfwBXsT4030i,UQR954
Saturn,S-Series,1997,3q3nL23AK8z3139w,PW8068
Acura,MDX,2004,5c9tQHsL1rY5793y,EKR395
Oldsmobile,Silhouette,2004,8e4uZlbJL9l4841m,YDL522
Mazda,MX-5,1995,4d4eKxqHR187866u,RHD404
BMW,5 Series,2007,0z0uSOcZ13C5563y,NK6939
Suzuki,Daewoo Lacetti,2004,6y1yEfnF39W8017s,AAE228
Chevrolet,Impala,2001,3i5uBP73L6A0188e,FBL871
BMW,5 Series,2006,3e1zOp5NHq28099v,R8G976
Chevrolet,Venture,2004,2f6uUv9E4qa8958a,UYK671
BMW,M3,2004,2n8dFXbP3vl9234d,D4H332
Saturn,Ion,2005,4g3zLn3P7xa5142f,A3F468
Chevrolet,Tahoe,2009,1t7eM1wGLaz0315g,GXE703
Volkswagen,GTI,2012,2q4xEL0885d4644u,AV3905
Chrysler,Sebring,2009,2c5wHKh1D0v7161x,D6U039
Saturn,VUE,2010,8l7sTxiTPt70752h,CM7820
Acura,Integra,1994,1s1zPemYZkx4244a,D0J360
GMC,Safari,1994,2x4nM5kX82K9311z,URU941
Dodge,Dakota,2009,1k8aZT0TVqr2985f,W3A353
Volkswagen,Jetta,2012,7b7yDtzI8xc2386r,TSB731
Pontiac,Grand Prix,2007,0p6tOd8ZK6I7595e,VLQ802
Honda,CR-V,2005,5p7dRUnHCpv7705v,RFY066
Lamborghini,Countach,1988,3g7jOC6PPlq6413l,XEM212
Ford,E-Series,1995,1r2eI9wXIpi3180y,J8W041
BMW,745,2005,0l2iRRiG98Z0449y,MA5108
Acura,RL,1997,3j6uHT3XQ411665e,SV1895
GMC,Sierra Hybrid,2006,6u9hEA6M3zu6838d,HTX160
Mitsubishi,Mirage,1997,3l4mW7dHQ097240m,P18796
Ford,Focus,2003,3b0kE63VGdH6712p,QBL717
Dodge,Dakota,2007,4t8oDgw9Q023509i,GMV967
Dodge,Ram 3500,2004,7r6dCKgG9aC7485x,VFV596
Lotus,Elise,2009,1x4tXokA1uM7827l,Y05070
BMW,Z3,1997,3b0tQ63N7dp5202j,LRD583
Isuzu,Rodeo,2003,7k5aCdgVZxc7538v,CZG106
Ford,E-350 Super Duty Van,2006,2y7fUob72hH4861e,I6Q485
Ford,Explorer,1991,2d3nY9pG6cM7899n,O7V560
Aston Martin,DB9 Volante,2006,8s4cFjoKFuQ6508k,C1O192
Ford,Focus,2007,2v9wJiaJW2H8017o,VKR020
Chevrolet,Camaro,1977,8w8cZfdJ6qC5724x,LD4935
Volkswagen,Cabriolet,2000,4o2eVjeELio9477g,PGM589
Mercedes-Benz,G-Class,2008,0i3tLcgK9ib9794s,P6D965
Dodge,Caravan,2011,9v8eS46Q5la1625s,HHM968
Mitsubishi,Mirage,1989,4c5cZ18R1rC8293p,ZJT536
Chevrolet,Colorado,2011,9i5iBIj4Yfq5152w,AZR410
Geo,Tracker,1995,6c0nSkyK9qp9583u,KMH356
Chevrolet,Beretta,1992,3d0oLAoYC2H2012g,XJ9244
Mercury,Capri,1985,5q2gAnkYG5A1622m,J18494
Ford,Explorer Sport,2002,3q9eKemPHrz0689b,FUG290
Suzuki,XL7,2006,3d4yRjr0U8i7802c,XEB753
Chevrolet,Astro,2005,2b1gRTvCKfl3923g,PFZ771
Lincoln,Continental Mark VII,1990,8u4wKhmR2eJ2476l,DAK322
Audi,A4,2003,2k7pWd49Sng1740p,ZQE842
Audi,80,1989,2m9dTisRCxv1318w,RI8863
Honda,Passport,1995,6e1rEyxNQnG2429n,ZW3406
Subaru,Legacy,2010,7n4nP2oQTmS5338b,AR8184
Isuzu,Rodeo,2001,5b8vOklY4oL5835t,CFB002
Bentley,Continental,2006,2m9yK2pRKrm7235i,Z7X257
Nissan,300ZX,1994,8n6sSYb1DzN9192f,SYR057
Toyota,Tundra,2004,2k0nAxqEBmY5279t,IYI981
Toyota,Highlander,2012,3g9tUm6QD484533b,HK5566
Aston Martin,DBS,2012,4g7nGKsMAqv4500o,HBQ848
Chevrolet,Avalanche 2500,2003,5l0vZirCZpp3068u,WFE839
GMC,Savana 1500,2011,4u5oCVgX2fA1491b,XI1501
Lotus,Elise,2010,6p2lR19KE1K5805t,M3B318
Chevrolet,APV,1992,0x2sJ49E7hF1273l,LVV617
Mazda,929,1991,3y5vT5jT8dw3032g,AOT420
Nissan,Maxima,1999,3b3rCz3U9aX0217b,TV5946
Dodge,Ram Van 1500,2002,7r0kOqe0Es76977k,RBR006
Mazda,RX-7,1986,0g2bMshYVq15070e,R7M828
Jeep,Grand Cherokee,2002,1l3yQbfJJyO9122e,BR9688
Lincoln,MKZ,2007,3j3lWv5PDu92652x,MXA953
Ford,Econoline E150,2001,1v8qBXvNIzl3440p,WF1453
Audi,A4,2003,7e9gSniCPxO0543u,IJJ489
Jaguar,XJ,2009,2u8eX0bF8rv1825h,T4W820
Porsche,Cayenne,2009,7b8lItxZL9v9154o,DHD656
Toyota,4Runner,2004,0c5uBr0JQkz7513z,OD8564
Hyundai,Tiburon,1997,8z9dFJf6E4V7979u,NB7415
Lincoln,Navigator,2002,5t0gHhz40r93080z,MC7131
Porsche,911,2005,,OHD379
Nissan,Quest,2007,0a4iQEuHXy00120p,H6H088
Ford,Mustang,1971,6w7nGwpOOmV1544j,IGF814
Volkswagen,Passat,1992,9n8gCRn6JsZ6406f,MVV585
Cadillac,Escalade,2011,7i4fU9hO2d79921y,J1Z693
Pontiac,Trans Sport,1996,0g7sBG7W80G8697y,M9O745
Honda,Prelude,1997,1x6zD4uZM6w6463g,MF1921
Bentley,Arnage,2007,6y8qPm7OL9U2744k,R4K418
Buick,LeSabre,2003,5y9fY9eJRpU7896f,HWO442
Bentley,Arnage,2006,5d5wQt9OYiz9820u,EFX550
Toyota,Camry,2007,5q6rTzpQPkt1824a,HKU572
Nissan,Pathfinder,2010,1f7eUjyGSrm6968x,P0Y028
Acura,CL,1999,6u7hSccBPmj7639t,MQQ755
Infiniti,FX,2003,2y7yWxgXQbq5260w,N3K570
BMW,M6,2010,4d2lXEk9Vau7826g,I6K713
Aston Martin,V8 Vantage,2007,9o7oNyvKG4d2731f,NHI407
Chevrolet,1500,1994,4t9iIJqCA6v7353a,Q0R593
Chevrolet,G-Series G20,1994,3t4wJRdM7pm0524z,XJ4510
Mazda,Familia,1988,9o1tAf2MBpv1611t,OCU533
Isuzu,i-Series,2006,4a8sIO63Xep6754m,LVL022
Ford,Festiva,1993,6y6lOYq90tJ4042o,H20068
Pontiac,Turbo Firefly,1988,9q1tTqaDP0B3565x,OAB331
Saab,900,1988,9d1sJfkANz01760r,X45629
Land Rover,Discovery,1995,4q4uV684Hcs8762y,ARX700
Chevrolet,S10,2002,0s6mEWy5S542944p,STX876
BMW,7 Series,1992,6l9gW67GOuF3709z,TC0614
Audi,S5,2009,6q5gKkeZJiu6956o,S8X552
Mazda,Mazda5,2010,3h5xPbaGJne8809x,QPV260
Mitsubishi,Pajero,1985,5a8zWzsCQjn0624p,BLS178
Dodge,Magnum,2006,9z7rXP5GH9C7461u,AM5205
Mercedes-Benz,SLR McLaren,2005,3h1jRV2LNaU6687t,IW9552
Nissan,Titan,2009,3w6uOm9BFi99481c,VFE334
Mazda,Tribute,2002,4o5kR1u6Kvr8146z,UZC900
Mazda,RX-7,1992,5r2uQBoXZhi0594k,SVS588
Audi,Coupe GT,1986,5l9nSv9X2pd0241o,KWH840
Chrysler,300M,2001,9v9kMql4RuU7901x,OYC065
Ford,Escort,2000,2t6wPH3LKxa4871t,C6G418
Hyundai,Sonata,2000,4r5yMXu9UgT9557r,FYP556
Saab,9000,1991,3y2pT8sNKqx2341j,X9J568
Mercedes-Benz,M-Class,2005,1x4xH40LXz96236l,TVU194
Jaguar,XK,2011,5p4fElj75pI8724g,WAM747
Jeep,Wrangler,2011,6h9oRhn34919771l,MRX753
Mazda,B-Series Plus,1998,6l9kTSm2FbX8116v,LUS215
Mercedes-Benz,SLR McLaren,2008,7q3nZFcY3pg1528s,V6Y110
Lincoln,Continental,1988,5q3jRlkKC0g3671g,OJN616
Ford,Mustang,1986,4s4jAyyD1oU7397s,IBB802
Mitsubishi,Mirage,1987,4y4xDdo35861937v,M31221
Chevrolet,Venture,1997,5l4kP66T80t1400t,RM5355
Ford,Club Wagon,1997,3h7iMR3PYzE4009s,WR8920
Volkswagen,GTI,2008,8c2eIIdUVyN8078c,EMD098
Mitsubishi,L300,1988,6s7bQA922c07346r,IG3815
Buick,Skylark,1994,7g8aIVgXMd90413k,GWL819
Pontiac,Bonneville,2004,5b5aQO3ZAce7752y,X94305
Volkswagen,Cabriolet,1996,5e9dHmc7Luy0287g,IIS326
Pontiac,Grand Am,1997,7f1lVEnII8p8325i,PHG962
GMC,Canyon,2007,,JFC519
Honda,Insight,2006,4p9wEMs6Gws6060q,SVA929
Infiniti,G,1999,7m8fHntB24r6808q,YCO128
BMW,X5,2004,6p0yMvi9GtL5964v,FF7169
Mitsubishi,Chariot,1993,1k6hRZxOBkc1612u,ZP2295
Ford,E350,2011,1v5bSyy56ot8928a,UP1154
Chevrolet,Corvette,1986,9z1qAYcMKfR4357v,ZUR754
Honda,Accord,1999,0h4oKf8KIoQ6108z,ZPI523
Mitsubishi,Pajero,1996,6q5vGLdN6uq7264v,G6R827
Mitsubishi,Mirage,1997,9t6iAZd4XoD2961j,TJT636
Chrysler,Concorde,1993,5p4gDnbBPbZ1060p,KLL481
Kia,Rio,2007,9k5rQF11BrI6908j,H8X545
Volkswagen,Corrado,1992,5m6rZCpBNiw9034x,LIR056
Alfa Romeo,Spider,1992,1k1vF28ORyO4854r,LWD328
Ford,F150,1997,2t0iGB4R79p3421j,UVT136
Audi,A5,2012,2q7eZZ600nK9830q,KJW034
Buick,Skylark,1996,6k9mSRmWR6u6146m,H1M016
Acura,Legend,1990,0o2gBPlL1ym7333e,Q0U516
Mitsubishi,Outlander Sport,2012,1p3eRzvDD2V5038i,T5G342
Mitsubishi,Galant,2007,3g5lBTc0KaV7759d,ZFT377
Chevrolet,Sportvan G30,1993,7w1aItyMB169356u,OOL018
Chrysler,Sebring,2010,9e9kMNrM2a99199d,FKB647
Chevrolet,G-Series 1500,1996,4h0uUv810rG4216f,VNF376
Mercedes-Benz,C-Class,2008,0b3wP3vSAjp7670m,S2L346
BMW,5 Series,2008,8t6cKfuJLwh5820j,AXK313
Lotus,Esprit,2004,4z1gVu8KRjQ4634o,UFS256
Pontiac,Trans Sport,1991,4x5xJrePU0T5053k,K8L373
Suzuki,Forenza,2007,8l7lPl7VHeM3908f,TMG811
Chevrolet,Suburban,2007,7f8rLNdVXpn7588m,PHW622
Chevrolet,Express 1500,2007,8q3dWdiWGmE5085n,B4Y578
Nissan,Frontier,2007,3z0nGieJG4a5821b,Y08090
Buick,LeSabre,1995,7h4fYOf4Q855012i,GUO977
Buick,LeSabre,2003,5h4eVeq7HfW2547u,VWP318
Mitsubishi,3000GT,1999,0u7hB7w7GgL0068k,RX4371
Mazda,MX-6,1996,1w6tEhr9V4v9856p,U5S552
Oldsmobile,Bravada,1993,3j0zPepU6oP4016r,QLM005
Ford,Windstar,1998,5s1fJkkUIut2624n,FC8431
Dodge,Avenger,2009,1w1zZLmJ0li3609b,OPI751
Mercury,Grand Marquis,2003,0q7lVA3GBmx2234k,VOX332
Ford,Focus,2006,1r1lWy0M30x0654i,ZCI139
Ford,Probe,1990,5y3lNWpBZwP9196x,KJR969
Acura,Vigor,1993,,CRT246
Volkswagen,Type 2,1991,9t4iNxnR5tY3233y,KW8164
Nissan,Altima,2009,1i3iMbyUEho1457a,DV3251
Suzuki,Sidekick,1998,8l5qDYtLEhU9500n,D9Y686
Hyundai,Accent,2002,9j5aNSg80zc6318n,XMT151
Chevrolet,Suburban 1500,1995,9l0yFD16RdC6077v,LKI384
Mitsubishi,Eclipse,1990,3p9fTysUSpo0529r,N2W670
Chevrolet,Corvette,1957,1t3oLAvTYvQ7052d,EGC861
Isuzu,i-290,2008,5x2uSZ91WnH4291p,KMC856
Chevrolet,Beretta,1995,0t7fS3b5Cj63441z,NM3157
Chrysler,Town & Country,2011,5w5oP6qS1qC2739y,ID5732
Pontiac,Torrent,2006,0z9sRW1JJ6Q1946f,RAW976
Kia,Sephia,2000,4n4fWudYDgM1778m,CBR360
Lincoln,Mark VIII,1994,1s4bB6q56c50047m,L0U132
Mazda,MPV,1992,2q4aMakG71N1326j,LNX087
Ford,Bronco,1986,5z8eVUkVH6c3085m,LZW225
GMC,Yukon XL 2500,2008,1h4mECiCV7B1949s,QO0501
Toyota,Tacoma,1995,9u7iP0aXAdU0408u,SYZ571
BMW,650,2006,4l2iR7kCPqy7276j,JJ6766
Nissan,Pathfinder,2001,1k6oFk9449M2996z,CSY446
Saab,9-3,2003,1j0rBewUGrK3580m,V5C432
Chevrolet,1500,1993,8p8bOQu140r3418c,JPR466
Oldsmobile,Silhouette,1999,4e4zXo0E2083278g,MF6784
MINI,Clubman,2011,2u0jNGb3Xb74416x,PXO091
Mercedes-Benz,E-Class,1985,5s3kXd1A3hE7771i,RLW444
Nissan,Sentra,1992,8b3vW3vKP1K0749i,VK4977
Mercury,Grand Marquis,2010,5u0nZ0mCLzu1312k,AA7344
Honda,Civic,1994,8e2oJIm6GoA9495l,SO6349
Scion,xB,2004,1r2dS4yMOc40427q,AWV694
Oldsmobile,Bravada,1996,6n7oEb2152D0438g,YBF814
Chevrolet,TrailBlazer,2004,4c1hY7qJE755036a,TTY984
Chevrolet,Equinox,2007,5n1rZSy5Kg64511b,JUJ532
Infiniti,G,1995,2w7fV0fIW6j7976d,V0S783
Buick,Enclave,2009,3a1uIEtJ3oH8856a,EJE219
Volkswagen,Phaeton,2005,4o1oFCxVUbF1538p,ZXZ581
Lotus,Esprit,1990,7h7nNIxZXhg1651l,GWI022
Ford,Econoline E150,1994,9y5zIE74ZoL4586o,X83643
Honda,CR-V,2006,5f7zXKsTGvx0100e,GHU658
Maserati,GranTurismo,2009,2p3rUv1VPlH6022n,WS6558
Dodge,Dakota Club,1999,0v8kWSwLQt51415k,NR2647
Chevrolet,Monte Carlo,1998,9v8pEZeT2rX7819i,OFK069
Audi,Cabriolet,1996,1k1uEPmO3kK4501b,PR8452
Acura,CL,2002,0v4xW8m4ZdD3342v,S8S081
Plymouth,Voyager,1996,2y9rYchATl52950d,VTG711
Mercedes-Benz,SLK55 AMG,2009,8o7kCWuKR0f6718w,NGW532
Dodge,Aspen,1976,6p5eNC36JfI1958n,BL7164
Isuzu,i-Series,2008,0z5oXkt7Orc0670v,IF9337
Toyota,RAV4,2002,0e5eJot8G8J3889s,OWK502
Volkswagen,Type 2,1985,1u1vVtsXXyH5228l,V04491
Maybach,57,2004,2g0bOaq3Xh25622k,KIB040
Toyota,Echo,2002,0j5oL105Vvb9170d,UP0401
Lamborghini,Diablo,1996,4e0nX4bCMvy2349s,UF4784
Chevrolet,Camaro,2000,0w3tNPt61yB6701w,W7Y041
Honda,Odyssey,1999,2n7uI16DQfE6915r,MXL567
Smart,Fortwo,2012,1d4mZozWUpw6022f,BSK470
Lotus,Esprit,1994,4o6mGi5QLg54986c,LB4139
Nissan,Maxima,2004,2l5zVHvT2nf4902t,DQ5613
Mazda,B-Series Plus,1994,9e5eXzkVKff8309p,XKL001
Lotus,Esprit,1990,9m7nAM25Hs05724f,T7G050
Subaru,Impreza,2009,0x2uWo1SBge8846s,S1H581
Ford,Freestyle,2005,2t7bLV4TJwa2437q,LC3817
Buick,Century,2002,6y1mW3p3Nzr2983e,J5Y592
Chevrolet,Cavalier,1993,6e3zTwlMN6U8289x,O4Q148
GMC,Envoy XL,2004,7w0aZcfP3gd3911r,CSJ210
Acura,TL,2009,3p6mGD48ZeJ0147z,OZF280
Toyota,Tundra,2012,6p8dOvtILlf3284z,I8Y026
Mercedes-Benz,M-Class,2008,2n3oT9w350r7875s,BO6764
Mazda,Mazdaspeed6,2007,5o2dU2bZD8d2529b,ATS653
Lotus,Elise,2008,5u5pJbqSIpq9687g,PYA457
Porsche,Panamera,2011,3l4yAN4YF2K5626p,FQM734
Hyundai,Scoupe,1993,4j3sUL4DKy82203o,U9P861
Chevrolet,Aveo,2010,4h2gXMm7Fa77833d,YLB795
Dodge,Viper,1997,7s8vN9rJBwO4137w,M4I614
Bentley,Continental,2005,8y4mDreZMjr2566t,F0J126
BMW,M3,2005,8j1sNfr0Zuw4558w,XRU284
Audi,5000S,1988,4r7iJHnUY6T9260j,JO5621
Chevrolet,Cobalt,2005,6j7dC98ALrj5754m,B63503
Chevrolet,Equinox,2007,7x5uMvkS6gQ4210s,EHO334
GMC,Savana 2500,1999,9e9hNu0AQ7P3827l,TED624
Suzuki,Verona,2006,2p4jWJuTL332497a,JDU421
Dodge,Ram 3500,1998,6j1wBa66WrY2499h,N3Y953
Kia,Rio,2008,5o8jQn1VD1B3049s,LIF937
Mitsubishi,Diamante,1997,1m3pOnc1V392185m,Y8P175
Spyker,C8,2007,3f2tHRx38qO0551d,C58285
Lincoln,Mark VII,1984,0f0kCm1T7dc3202w,S7S947
Infiniti,Q,2003,2g8iGFyWQsM7251t,QLO150
Dodge,Durango,1999,6a1qLK9IKpF9785q,RYH424
Buick,Regal,1991,0j2nDfuBQzX7585r,IJ4948
Chevrolet,Cavalier,2002,3q8gGE23JoW0436e,P6G949
Chevrolet,1500,1992,6d3pSmvVE560209g,M21513
Buick,LeSabre,2003,9x6eWDe9Tj11353z,UMG069
Suzuki,SX4,2007,9w6uLPoJN3Y3900o,YK6952
Mercury,Sable,1990,1o2mEZl72xM2829b,HBL566
Mercedes-Benz,300D,1992,1y1pK0xBSuF3920a,RMQ787
Isuzu,Oasis,1998,0c6zQziPE1a0885n,B9H313
Lincoln,MKS,2011,5p0cDu5VYh56368x,AT6326
BMW,550,2006,8y2dO44XRt84649l,LLS555
Lexus,LS,2006,7p5mI71TU4Y2793r,SLQ754
Audi,A6,2002,2b9rOo5TExW3779p,EYP954
Suzuki,Grand Vitara,2010,,FBU814
Nissan,370Z,2009,7q2cUOcMX6j7916g,G69326
Audi,A8,1998,8a7fANvZTlv5865u,DDJ266
Mazda,Protege,1997,4f1xIa7US614117k,RJK963
Jaguar,XJ Series,1994,6b2mWBx88nO8075s,IPO282
Scion,xD,2010,,G0W110
Ford,Econoline E350,1995,0n2kGGnPKqs9518t,ZJ0727
Volvo,XC90,2013,2i2dLO9HUf67881m,SQ9933
Saturn,VUE,2010,3c8bNLeINiC4387a,O1R436
BMW,X3,2005,4x7zFe0J93I9623a,NQN717
Honda,Civic,1998,0v9eYpjJEq33625v,EY9507
Saab,9-5,2001,7f7cT7vVDrK0585m,T64352
Infiniti,G25,2012,0e4kZ6eDZwQ5338n,ALX142
Honda,Element,2004,9p8aEKg8CyU7430o,HSA982
MINI,Clubman,2010,0m0pOHcVFfb8763t,F9E796
Land Rover,Discovery,2000,3c2sQgaO2sK5480u,DGG675
Chevrolet,Silverado 1500,2009,8x1jZj8BUe11598h,V1E450
Buick,Riviera,1992,5q2iBdqQ3wo6030j,KN9426
Lincoln,Navigator,2012,6p3tJ7uM9dj0284k,HYN575
Audi,RS 4,2008,8k7eDEy35wf7744k,S1B724
Dodge,Ram 2500,2005,2d2bBRaJP9I9910n,O9R262
Toyota,Sequoia,2004,4v8kNPiOG6W8102i,SBD092
Ford,Econoline E150,1997,7m6dLaiJBgk5213z,JHG955
Scion,tC,2008,,MM8198
Infiniti,FX,2003,2w6aLz62Zz53533u,NCC656
Ford,E-Series,1985,9m0mIKz9Blg4839e,EVY139
Mercedes-Benz,S-Class,2002,5p6nHoo7B5D9472t,ES4713
Mitsubishi,3000GT,1994,8v3oQU46IdU4522b,PSX597
Ford,F350,2007,4i6rWY4A6vH5572c,S89455
Pontiac,Grand Am,2000,7e6vEYqCZey3021j,OJ5278
Toyota,Solara,2005,7r7sVigH6my1466a,CEV835
GMC,Yukon XL 2500,2009,3w1jFyq6J8t1919i,JRT030
Volkswagen,Jetta,1988,6r2jLzo53qm5481y,TLO195
Kia,Rio,2006,4p8wOs3MOb88723a,HD7425
Maserati,228,1990,0i8rZ03C0eG4933a,DUD572
Kia,Amanti,2006,4x7yJagDTxs8571m,PCT742
Lamborghini,Diablo,2000,6l8iI1k5Xfr5553d,PUU508
Lincoln,Continental,1989,9l8gMAtUU3z1872f,IZQ598
Toyota,Sienna,2007,7g6zGvuOOei8305c,MFN402
Pontiac,Montana,2006,7g5jDueMFw15631s,XYL104
BMW,3 Series,2001,1l7rVVsO81B0950y,G3Z867
Honda,del Sol,1993,6c3hHcuVZyD9510s,PMC203
Nissan,Murano,2007,8a3dSYl03jU3237d,GNW320
Mazda,Mazda3,2007,2q1wFUxPWjd3916q,GC3765
Ford,Probe,1994,5n3aMm3W62b5921g,J8B232
Volkswagen,Jetta III,1995,8z2fCprCAax3681e,PDZ965
Dodge,D350 Club,1993,5k3yAXoVIgH3562g,I1T044
Volkswagen,Golf,1984,0x3mNIs42bE0557a,WL2992
Chevrolet,Astro,1997,6a3eWnlFLgK1100w,NKM794
Dodge,Shadow,1992,0b3oScz89cG4850h,KHB315
Ford,E-Series,2008,3k5wUNgC8x19826k,TCE076
Ford,Escape,2002,1y9rJ2zCE847727f,GWM894
Toyota,4Runner,2009,2d9xA15K21G8920b,PN9302
Pontiac,6000,1985,3z6fJVpYL9E9331r,YL2962
GMC,Savana 3500,2007,2m0pHla1K017140l,PFO292
Ferrari,F430 Spider,2006,6y2lTX1T37C8636a,OQ2006
Daewoo,Lanos,2000,2c1eVfoS3e31497o,QGP022
Toyota,Land Cruiser,2007,2i8pLkvOJqH5738s,OJQ462
Lincoln,Navigator L,2012,1c5xXh1IIri1850t,WWM276
Chevrolet,Avalanche,2011,7n3aPmfHSmf4000r,KVJ533
Mercury,Monterey,2007,0o0dPgb18eS5900f,A6I932
Lotus,Elise,2006,3p8aUH8HYaM9255c,LNJ150
Audi,A5,2012,5e2hGHxNM120202o,B9T688
Volkswagen,Cabriolet,1992,3m6aDzx38dT2576m,RBA650
Dodge,Monaco,1992,9a5eGex8Nr22025n,H3P588
Ford,Ranger,2000,3j3mPG465tk0961x,D3W421
Saturn,Ion,2003,1v3fVTg6Y098057c,ZW2678
Cadillac,Eldorado,1997,3s0aQFf39lC2666s,HA4148
Nissan,Maxima,1996,4j0rDAyVH5o7402p,MZX602
Cadillac,Escalade EXT,2005,9t1hUuwSAor0006z,UUA095
BMW,Z4 M,2008,8i7vCtaVPnG6240r,KQD858
Honda,del Sol,1994,9b7qSQfVSd14717d,WN0197
Buick,Regal,1986,9f9vHUsXCr48377y,XDI271
Kia,Amanti,2008,7j7yBZxSFaa8868r,YRI315
Ford,Econoline E250,2001,8f4nYI3A25T7171v,KAO232
Lexus,LS,2003,4k8jE7bUOzd9344o,ZJL369
Buick,Skylark,1990,4j0zAY4GFm86870s,OH7015
Lincoln,Town Car,2006,5z5cWbv22x06098o,LDL403
Audi,4000CS Quattro,1986,9w6kO2zH45Q8997d,D0X320
Chrysler,Sebring,2006,0o3lB2kQVlE0530x,JI7968
Lotus,Elan,1994,5w9fUqc2OoI7183j,KY6556
Subaru,Forester,2006,5r6vDtmJ54Y4948o,CX2941
Toyota,Tacoma Xtra,2001,6f0zPQ148db6983b,CTL686
Saab,9-3,2008,7e4kSoc4Zg01743l,VBU073
Nissan,Frontier,2004,2e1uTspODy99179z,UPI029
Aston Martin,Vanquish S,2006,0f1vO14C5nU9456n,H5M588
Volkswagen,Jetta,2008,7a6mIvyZCnz7025q,CVC494
Mitsubishi,3000GT,1994,4z1vUjwN7qp2616y,X7R757
Maserati,Coupe,2005,5y1cYC4ZR7k0643m,IJA184
Lincoln,MKS,2011,9l6lZqoRYwF4462g,K2Z833
Mercury,Grand Marquis,1989,9j3xLGjD5nc4693t,HSI651
GMC,1500,1996,6w3tEsuKWc11920o,ZUU738
Subaru,Tribeca,2007,1f9kA8qD7oD3603r,C9F702
Suzuki,Equator,2010,9p3iLubOSpH2652d,KKR507
Mazda,Mazda5,2006,1w0lPP5Q7lu2901v,NL8560
Lamborghini,Countach,1985,5e4yX0bF4eZ6693b,O91324
Nissan,Xterra,2009,0p9nRnbMVtD9448x,LZJ651
Land Rover,LR2,2011,9j7pBicH79o0054h,FOZ341
Chevrolet,Venture,2002,5b9jJurV7qK3325t,C1W464
Ford,Transit Connect,2010,0t2mJduAIuV1296d,XFR448
Chevrolet,G-Series 1500,1996,8k6iXBg9Wv92696e,WCH714
Suzuki,Vitara,2002,6o0tC06LGel0284n,DYN063
Nissan,Pathfinder,2003,7d7lJd19Jj68059a,OAC414
Chevrolet,Corvette,2000,2u5dHOhOKai9427a,KWS320
Subaru,Alcyone SVX,1997,3t6oNacC0eJ7938a,OW4695
Audi,A6,1999,3u2bUxlAO2a3151v,DPT514
Buick,Skylark,1990,3w6xLw3GCaq7926g,WAJ083
Mercedes-Benz,300SD,1992,7x0eM1dYP2Z9350w,Y19376
Honda,Odyssey,1996,0s4cZMoFU2z8674t,WUM070
Mercury,Mariner,2010,1z8sXIdRWm80220r,YCV880
Volvo,XC70,2009,4y4fQItPD3N0480n,OCX222
Pontiac,GTO,2005,6d6mCZ2N2mF4234y,CP1502
GMC,Savana 2500,2002,1q6aGipSPpj6943b,IQ8888
Lotus,Esprit,2000,5s4nZozB6aA8395s,QVY545
Mazda,B-Series,2006,2s5dNWj0M1C2291l,LME576
Suzuki,Swift,2001,8n8nPnyZDoI4984u,K0Q837
Land Rover,Range Rover,2007,3m1sJ9qCEzO5457v,RUW619
Dodge,Ram Van 1500,1999,4c1vBDvDIe79349m,WN3180
Ford,F-Series,1995,0o9aCH9DHuo3510z,HNB041
Hyundai,Genesis,2009,2a1kOziICdL3427v,G3T887
Lincoln,Continental Mark VII,1985,4y5dAa66Bdo3137m,UUW853
Ford,Escort,1995,1o2bQUxNX2P6971t,U04530
Volvo,S60,2005,6l3mCrnA4b47303i,KLW758
Mercedes-Benz,C-Class,1994,9u1dMnfJYs39863m,D61962
Maserati,430,1991,4d6uGnx349X7995b,HF2125
Honda,Prelude,1996,5y6aVVsHWba1003y,ADV527
Jaguar,XK,2006,6u0zXEwGMfI2186j,VNO187
GMC,Sonoma,1995,9f6fZywN4t69397m,T7W332
Mazda,RX-8,2004,7p5aSojDT9a8623v,FWW172
Land Rover,Range Rover,2004,9l4uShzRAwq3637f,S1Z474
Audi,riolet,1994,5g6uFZ9AAb05244q,N5L702
Saab,9-3,2010,6n7sWxuZLuZ9649c,NBM582
Hyundai,XG350,2002,5f7fLDeIGeG2957u,G8Q237
Mercedes-Benz,SL-Class,2003,1l4vYD2AW9a9630s,NDS344
BMW,Z8,2002,6y2gD75RO9z2886t,CSD803
Mitsubishi,Montero,2002,4m9gG2l763j5556y,BHA254
Subaru,Impreza WRX,2011,4v3kN0gZWfd1876j,EQI047
Volkswagen,GTI,2006,7h7aEicLKda1167w,XLV176
Ford,Crown Victoria,1994,0y7tW3yULmP1644e,NKG840
Mitsubishi,GTO,1991,1a0eWIz4Hqj9544n,NSK358
Pontiac,Fiero,1986,9j9hVEj8Xx47805l,S67947
Chevrolet,G-Series 1500,1997,3z0eUoxS0gu7632c,OPH321
Ford,Mustang,2002,0m8nZ7n3KwV6595x,N1B069
Cadillac,CTS,2006,7r4vPfl7Mrq6055i,YIB034
Lexus,LX,2010,9u7nZZxFXgi0503c,GEJ220
Mitsubishi,Truck,1996,0r0qVFxOF3c7123f,GOK171
Ford,E150,1984,3b8nNMnC03U2687i,F8G399
Volkswagen,Golf,1991,3e4eCreDX6R7272j,KDO219
Mitsubishi,Outlander,2010,3l6qKo3F9sI5780x,Y2D294
Mazda,626,1998,2c1lF7o56dK1004d,A1P757
GMC,3500 Club Coupe,1997,6g2rAmiHR101289h,DEG597
Ford,Windstar,1997,7w4jX2mZZww6874r,DZF014
Dodge,Ram 3500,1998,5v2oHm27B4f1396w,SDR018
Ford,Expedition EL,2008,0g9kBA5FA5P3344p,DGM006
Oldsmobile,Silhouette,1994,7r5qIiwF5cI6946j,CVP179
Honda,Insight,2012,6h5sWbuWL331673n,EKH295
Dodge,Nitro,2008,4q4oQDyU7bA8087j,C2Y821
Kia,Sportage,1998,7h2aS9l2Z8c2390a,BS5250
Hyundai,Tiburon,1998,5t7vTW1H3mX5532h,IG3033
Dodge,Stealth,1996,5n8xEYnOI2U0227d,JFZ528
Mazda,Protege,1998,5t6mTex3Mf99678i,MLP842
Ford,Escort,1998,9i4kJayB84y2056p,IDI701
Dodge,Caravan,2012,7d2kYcoEP1v9876d,O7E263
Pontiac,Grand Prix,1977,9l9fNdj0MvG4232u,ERN137
Mercedes-Benz,S-Class,2001,2r5mTFuZYug2281u,ZKL290
Buick,Rainier,2006,2m4gT81LE0T2494l,DQ9963
Honda,del Sol,1993,0r2nS5m8JbT1824z,CEH311
GMC,Sierra,2011,2y3cB7a38cX0413d,V61847
Chevrolet,Corvair 500,1963,8n7zO37Z0fI0361h,YRV435
Audi,4000,1987,7t3mK9q2O4t7848j,BE7542
Mercedes-Benz,SLK55 AMG,2009,1i6wOJsE5o56725d,G40602
Pontiac,Fiero,1987,1u8aXgaDZ5V8239b,NFK136
Toyota,Tacoma Xtra,1996,4g5vDqyTYaX5709i,DIQ321
Buick,Park Avenue,1994,1a0jUS616vo7387k,ZFF998
Chevrolet,Silverado 1500,2012,4j8qP4zF96g6013e,KI0721
Lexus,ES,2011,5u0tOGmCXbH1322l,OLG110
Mercedes-Benz,300SE,1993,0x1fFUmA0jR7772w,GMV942
Isuzu,Ascender,2009,0n4iGs6KIxr6043n,OGC095
BMW,6 Series,2008,0p6aE2k41lM1001r,G1D867
Dodge,Nitro,2008,0h4kTg2HPy39737v,BS7415
Kia,Rio,2003,8e0xQh40Ixo6972t,AJT214
Volkswagen,GTI,2005,7a0aUx8BL2a9324w,E7L066
Chevrolet,Avalanche 1500,2004,5n9pCdiOWcd5721v,TJ3678
Ford,Econoline E150,1994,8v8yFUcZC6T9928x,WGY167
Jeep,Wrangler,2002,0t4qTmrI7as9206q,GFS709
Land Rover,Range Rover,2010,9y6kMtx5N7L9219t,PCD424
Mercedes-Benz,C-Class,2004,8h6uRNq73cV1483w,FCM101
Suzuki,Esteem,1997,6v8cECy0OxZ9179j,IB8068
Acura,MDX,2001,9t4kSTwURrN7158w,PB7441
Mitsubishi,i-MiEV,2012,0j7xCStOW0c7301h,UR9197
Hyundai,Sonata,1998,7d7eEStYStt6101q,R42510
Mercury,Sable,2004,3z2gAfaJSs72391q,CFN157
Volvo,XC90,2003,8u8sJbi56893552q,Q6Q143
Land Rover,Range Rover Sport,2010,1d0nY67MDxo2730m,UCV023
BMW,Z4,2004,2g8xXWqPZxs2054v,JA5180
Honda,Prelude,1996,6e1vMEeG9pb7346w,JW0376
Mazda,Mazda6,2007,8d9yVSv2T0U5554l,N31724
Pontiac,GTO,2006,8y9tB5u7Q7D2541c,WYN193
Pontiac,Montana,2002,4j8fR5kKM6w9844n,UUT933
GMC,2500,1996,9m7rM5hFViI2555j,U3K469
Volkswagen,Eurovan,1997,5q3cVud0Ssm8121k,ZT5505
Mercury,Tracer,1991,7a0rUlaVElo2726f,TCU629
Pontiac,Grand Prix,1971,9p0jKOc5Y5Q9988c,QGD486
Hyundai,Santa Fe,2002,0z1aYhdE0uM4584h,ES3198
Dodge,Dakota Club,1996,4g1zXN8MNky7447o,MV6128
Dodge,Ram Van B250,1994,8o2oQoqVDbQ4880v,UU9995
Subaru,Impreza,2009,9p8yCc9XHaW4995w,IJ7445
Infiniti,M,1992,6v5wYnl9Rke1604u,KE9303
Buick,Rendezvous,2006,4r2iW9mI61s3276t,WI8928
Austin,Mini Cooper,1964,5g4oY5sPXw90791y,E43763
Citroën,2CV,1948,6d2sQ1z3Fii4985g,GCT935
Volkswagen,GTI,1986,7k6bHvgMK1N3029a,CY0534
Lexus,HS,2012,9q4cEseKSj68085u,MOK036
Plymouth,Prowler,1999,4f0mBnc2IwL2814o,OUX084
Nissan,Sentra,2010,5g1bJdlVPj93741f,D7F549
Chevrolet,S10,1995,9i2fNX1G6k67425d,NUG984
Toyota,Tundra,2007,2e6cNBdVObP0549n,VC3015
Ford,Thunderbird,1991,5t1zCy9AVzK3609h,Z9L489
Volvo,S80,2003,1c3uSGgWV2L6129b,KBF195
Ford,F150,2011,9z0cQe51Bud4085z,YVN240
Chevrolet,Silverado,2001,6f7tRW8DDmO8447u,EE1866
Jeep,Wrangler,2002,1b8wO0t758P4248t,LJZ972
Chevrolet,Suburban 1500,2008,8t6hZSw64wr1867w,B85349
Ford,Bronco,1996,2y5eTCtU4sv9883l,M5K912
Mercedes-Benz,S-Class,1990,5e6aMErC5zq9433m,EH1773
Mazda,RX-7,1994,9d2tT3v1Le70454m,DZD510
Chevrolet,Equinox,2006,6c3tEhf5IoC8098m,XVR569
Isuzu,Trooper,1998,2l0sLfbW82h8205f,EV3244
Lotus,Exige,2004,9v6pEz7M27a1428e,U6D664
Mazda,Mazdaspeed6,2007,1r4fFNlJ8qP4487x,EW1937
Suzuki,XL7,2008,4u8bLpyLBq30467u,T4Z551
Chevrolet,Impala,2000,7i8tVJ2MX5W1670x,QM7891
Jaguar,XF,2011,2c4zQR4MP850152f,P4M762
Mazda,MX-6,1990,6e9tDKt3SiF7150o,K84700
Volvo,C70,2003,1w5cGzxSM2Z7376v,VBZ700
Volkswagen,New Beetle,2005,4v1zP4212gq2333m,FJY137
MINI,Clubman,2010,1e9cDCtIClL9102o,TD9565
Volkswagen,Passat,2002,0n4uCdbOPwp3962x,E44041
Aston Martin,DB9,2008,4t8mZpiCCtD4200n,GRX461
Saab,9-5,2004,0k5ePpp8N0F6535d,G9D565
Acura,Legend,1990,8b3eWl193zo1398u,DGR573
Buick,Lucerne,2010,0v8oWvmWVxp7249t,QT1044
BMW,7 Series,2010,2k3xP8jMXqL0672t,P4R373
Hummer,H1,1997,4j8zCfeUEeg4957o,FUX387
Hyundai,Tiburon,1999,4x0oAexEL4M6730b,FEO389
Mazda,Familia,1989,2s0gOwfIUs33573o,J5O250
Lincoln,Continental,1987,2o1qIZl2Kpb4011r,RSW184
Pontiac,Torrent,2008,4w2wJeb9GwZ9770z,W4Y980
Lexus,LS,2012,5c9pEOsWJjL4805o,OTG531
Suzuki,SJ,1994,0p4gHO76Wzb4389s,CEG959
Lamborghini,Countach,1988,2s7wF2tLVuT3300d,J1F017
Chevrolet,SSR,2003,8c1kSAmX25N0896f,EIW449
Pontiac,G6,2005,5p7uXCtL90x7896z,WX0232
Suzuki,Swift,1996,5i8cC3k7YsO8580s,YVG216
Ford,F250,1996,3h8nRst2Vej9239c,ZAZ576
Chrysler,LHS,1994,6v1nUt1WBqL3477o,DQZ793
Chevrolet,LUV,1979,8o9vPJbQ7u61774d,I9N529
Maserati,Quattroporte,1985,8d1pS6pMJp38880w,P50106
Nissan,370Z,2010,3m0iCpoY1bs5141y,TU5650
Mercedes-Benz,R-Class,2009,5y1tXcz183v2255z,SIT222
Mercury,Mountaineer,2005,5j3mHA5G5ez8714g,K67162
GMC,Savana 1500,1998,8d3tFotZK0q0644r,MYZ331
Ram,C/V,2012,3t8dU83ETiZ7662y,TJD733
Dodge,Dakota,2000,6b0oJmmI28q9888j,VNF228
BMW,3 Series,1999,9v7vUJqR7r30305f,D2S731
Toyota,Sequoia,2011,8e1jWHx79ee4195p,WTS136
Mercedes-Benz,W201,1992,9c6jWGt760y3023e,BPR821
Pontiac,Grand Am,1988,9m5kAZ9O9kR3645m,EWE566
GMC,Yukon,1996,8x0iEQnLThd2580j,B7J947
BMW,X5 M,2010,0s7gQ1lGOci0201m,YIT254
Ford,Econoline E250,2000,0p0qSJt1N3z5138u,SK1138
Hyundai,Azera,2011,4j4uPZrB6vX4582k,XS2993
Suzuki,SJ,1994,0y7vR8jAG6i7360v,CX9849
Volkswagen,Golf III,1993,2q9aZMwE4kf2438u,KJF169
BMW,M Roadster,2006,5g5fVD81TsS0505r,DG9072
Bentley,Continental,2012,1q2fObmZT2E4840o,YY8972
Chevrolet,Tahoe,1995,1f2hM5mDT635622j,XHY044
Toyota,Camry,1995,9n5uRZ9KGo54416a,VPC419
Lexus,ES,1997,2e9nC4c5Y4f0419q,WAI020
Toyota,Tundra,2000,4y1kBCmNR1w5082f,ZS1087
Mercedes-Benz,C-Class,2004,0a0xZbgV0gP5580o,TFU505
Chevrolet,Tahoe,2012,3d9iJO9YL3G7024l,ANL958
Jeep,Grand Cherokee,1996,4n7sT4f0V277554r,AA4080
Ford,Bronco,1984,8o4dFtmRDdZ1259c,KPR180
Isuzu,Hombre,1997,2b7mW8zY85K3650w,T0S753
Nissan,Cube,2012,1u8fX2o45ol2280p,VGR889
Austin,Mini Cooper,1964,7c4xHq6UDo48428o,NWY723
Kia,Spectra,2006,9m2vFJu2Ikb1186f,GVU341
Cadillac,XLR-V,2008,9j7iSf4FK894457w,GQE538
Volvo,XC90,2010,9k7cZ6z0Q5S0701a,X8I343
Kia,Sportage,2012,6q8vFPkJ4xL8312x,VM1755
Kia,Sedona,2011,7m6uDEiOJyM0714m,QEH329
