id,first_name,last_name,email,gender,car_make,car_model,car_year,car_color,date_permis,size_of
1,Hall,Ovens,hovens0@networksolutions.com,Male,GMC,2500 Club Coupe,1993,Crimson,4/30/1998,M
2,Ash,Farquarson,afarquarson1@cafepress.com,Male,Mercury,Cougar,1997,Crimson,12/12/1984,XS
3,Lorettalorna,Calleja,lcalleja2@ezinearticles.com,Female,Ford,Expedition,2008,Fuscia,5/16/1976,S
4,Gayler,Shakesbye,gshakesbye3@statcounter.com,Male,Audi,A8,2004,Turquoise,11/2/1970,L
5,Von,Almon,valmon4@devhub.com,Male,Subaru,Legacy,2000,Aquamarine,2/5/1988,XL
6,Jamill,Fidler,jfidler5@mashable.com,Male,Subaru,Legacy,2009,Red,4/27/1972,XS
7,Wendell,Reddle,wreddle6@phpbb.com,Male,BMW,X6 M,2011,Green,1/4/1979,M
8,Lazare,McEwen,lmcewen7@google.it,Male,Suzuki,Esteem,2001,Khaki,7/20/1988,L
9,Noell,Borrington,nborrington8@facebook.com,Female,Oldsmobile,88,1994,Orange,4/10/1975,M
10,Tiffany,Thandi,tthandi9@wix.com,Female,Mazda,Miata MX-5,1997,Puce,1/11/1988,S
11,Wilone,Gorrissen,wgorrissena@ibm.com,Female,Lamborghini,Diablo,1994,Aquamarine,2/22/1945,M
12,Aleece,Painten,apaintenb@exblog.jp,Female,Ford,F150,2009,Goldenrod,3/31/1955,XS
13,Anny,Griffin,agriffinc@example.com,Female,Chevrolet,Suburban 2500,2010,Teal,6/5/1937,L
14,Jamie,Campion,jcampiond@weibo.com,Female,Oldsmobile,Achieva,1995,Crimson,12/3/1950,3XL
15,Harris,Parfrey,hparfreye@nifty.com,Male,Dodge,Spirit,1995,Yellow,12/18/1968,2XL
16,Pam,Coverly,pcoverlyf@weather.com,Female,BMW,7 Series,2008,Pink,7/30/1940,3XL
17,Blinny,Chinnock,bchinnockg@sina.com.cn,Female,Hyundai,HED-5,2012,Yellow,7/21/1956,3XL
18,Zarah,Halladey,zhalladeyh@ovh.net,Female,Cadillac,STS,2006,Khaki,3/17/1964,XL
19,Coop,Spivie,cspiviei@tinypic.com,Male,Cadillac,DeVille,1997,Teal,5/12/1935,S
20,Valentia,Elphinstone,velphinstonej@nhs.uk,Female,Ford,Expedition EL,2007,Khaki,12/28/1950,XL
21,Ford,Hows,fhowsk@sourceforge.net,Male,Chevrolet,S10,1996,Aquamarine,9/7/1976,M
22,Sterling,Adamini,sadaminil@yellowpages.com,Male,Chevrolet,Silverado 1500,2002,Fuscia,7/2/1952,2XL
23,Aimil,Manilo,amanilom@adobe.com,Female,Cadillac,Escalade,2010,Khaki,11/8/1964,S
24,Puff,Najara,pnajaran@homestead.com,Male,Chevrolet,Impala,2006,Blue,4/2/1969,L
25,Kenna,Haylett,khayletto@pcworld.com,Female,BMW,M Roadster,2007,Teal,12/22/1945,M
26,Don,McCrea,dmccreap@ucsd.edu,Male,Toyota,Tacoma,1998,Fuscia,9/4/1964,L
27,Egor,Wanjek,ewanjekq@360.cn,Male,Ford,Windstar,1997,Green,6/1/1948,XS
28,Murdoch,Brolly,mbrollyr@ca.gov,Male,Volvo,960,1996,Teal,1/3/1951,2XL
29,Kyle,Knowlden,kknowldens@yandex.ru,Female,Dodge,Durango,2004,Red,2/3/1976,L
30,Jan,O'Clery,jocleryt@vkontakte.ru,Female,Honda,Pilot,2009,Violet,3/1/1940,XS
31,Zuzana,Dachey,zdacheyu@creativecommons.org,Female,Chevrolet,Malibu,2009,Fuscia,11/12/1933,L
32,Rosalinde,Coopey,rcoopeyv@webeden.co.uk,Female,Ford,Escort,1991,Maroon,7/10/1952,M
33,Lucas,Giorgetti,lgiorgettiw@mediafire.com,Male,Cadillac,XLR,2006,Aquamarine,7/11/1988,3XL
34,Thatcher,Bilbrook,tbilbrookx@hexun.com,Male,Acura,RL,1999,Goldenrod,9/24/1996,S
35,Meggi,Boog,mboogy@edublogs.org,Female,Lexus,RX,2000,Yellow,2/5/1973,L
36,Eddy,Amys,eamysz@ucoz.ru,Female,Toyota,Avalon,2003,Mauv,12/14/1958,XS
37,Garold,Slader,gslader10@surveymonkey.com,Male,Ford,Mustang,1994,Green,9/15/1957,3XL
38,Shawn,Trevallion,strevallion11@google.co.jp,Male,Porsche,944,1983,Khaki,4/19/1998,3XL
39,Wes,Ferriman,wferriman12@ning.com,Male,Chrysler,Aspen,2009,Blue,12/5/1980,3XL
40,Benita,Viccars,bviccars13@wisc.edu,Female,Mazda,MX-5,2008,Puce,5/5/1998,S
41,Doroteya,Gilardoni,dgilardoni14@goodreads.com,Female,Chevrolet,Tahoe,2011,Indigo,2/21/1972,XS
42,Cyrus,Brodbin,cbrodbin15@bloglovin.com,Male,Nissan,Maxima,1990,Fuscia,1/13/1950,XL
43,Fredric,Gumbley,fgumbley16@yahoo.com,Male,Lamborghini,Countach,1985,Mauv,6/25/1948,3XL
44,Minta,Beaby,mbeaby17@hostgator.com,Female,Hyundai,Sonata,2008,Yellow,10/23/1963,XS
45,Zechariah,Greedier,zgreedier18@newsvine.com,Male,GMC,Savana 3500,2007,Pink,3/14/1951,L
46,Thatcher,Sentinella,tsentinella19@bizjournals.com,Male,Mitsubishi,Diamante,1993,Yellow,3/6/1934,S
47,Charmain,Hutchings,chutchings1a@earthlink.net,Female,Honda,Accord,1985,Khaki,12/28/1958,XS
48,Gaynor,Guillart,gguillart1b@scientificamerican.com,Female,Chevrolet,G-Series 2500,1998,Crimson,2/10/1994,L
49,Otis,Coxhell,ocoxhell1c@skype.com,Male,GMC,Safari,1995,Pink,3/5/1974,3XL
50,Arty,Chasle,achasle1d@purevolume.com,Male,Eagle,Summit,1992,Aquamarine,7/2/1934,2XL
51,Moss,O'Grada,mograda1e@tripadvisor.com,Male,Lexus,SC,1992,Blue,4/11/1956,XS
52,Kristofer,Enright,kenright1f@xinhuanet.com,Male,Mitsubishi,Challenger,2000,Crimson,11/4/1979,XL
53,Torry,Matysiak,tmatysiak1g@merriam-webster.com,Male,GMC,Sierra 1500,2009,Maroon,11/4/1981,S
54,Xymenes,Penny,xpenny1h@discovery.com,Male,Ford,Mustang,1986,Turquoise,5/20/1959,XL
55,Derry,Dubbin,ddubbin1i@irs.gov,Male,Toyota,T100,1998,Maroon,5/9/1938,M
56,Ikey,Butterfield,ibutterfield1j@cbsnews.com,Male,GMC,Suburban 2500,1997,Crimson,3/14/1983,M
57,Humfrid,Ewert,hewert1k@reuters.com,Male,Isuzu,VehiCROSS,1999,Violet,8/20/1966,3XL
58,Orsola,Andrassy,oandrassy1l@booking.com,Female,Land Rover,Discovery,2006,Teal,2/9/1979,2XL
59,Marlyn,Clarricoates,mclarricoates1m@nsw.gov.au,Female,Mercedes-Benz,CLK-Class,2003,Yellow,6/13/1979,L
60,Jordon,Giles,jgiles1n@forbes.com,Male,Chrysler,PT Cruiser,2004,Green,3/22/1992,M
61,Geoffry,Dancy,gdancy1o@google.com.hk,Male,Isuzu,i-350,2006,Crimson,11/25/1980,S
62,Ara,Posse,aposse1p@imageshack.us,Male,Pontiac,Bonneville,2001,Orange,6/12/1950,XL
63,Ganny,Pregal,gpregal1q@slashdot.org,Male,Audi,S4,2009,Purple,11/29/1956,3XL
64,Alis,O'Rourke,aorourke1r@sciencedaily.com,Female,Honda,Crosstour,2012,Aquamarine,10/8/1938,XS
65,Selby,Ganniclifft,sganniclifft1s@nsw.gov.au,Male,Hyundai,Accent,2000,Crimson,11/20/1974,XL
66,Gretchen,Godfree,ggodfree1t@baidu.com,Female,Honda,CR-V,2006,Blue,1/17/1970,3XL
67,Barth,Ochterlonie,bochterlonie1u@discuz.net,Male,Ford,Probe,1996,Goldenrod,12/14/1945,L
68,Marlyn,Martins,mmartins1v@boston.com,Female,Kia,Sportage,2011,Violet,12/10/1998,L
69,Beale,Shorbrook,bshorbrook1w@icq.com,Male,Toyota,Corolla,1992,Mauv,7/21/1938,2XL
70,Adlai,Jagger,ajagger1x@baidu.com,Male,Toyota,Land Cruiser,1994,Fuscia,1/23/1934,S
71,Xena,Von Welden,xvonwelden1y@trellian.com,Female,Pontiac,Sunfire,2004,Puce,6/24/1985,2XL
72,Opaline,Bowditch,obowditch1z@nps.gov,Female,Ford,Expedition,1999,Fuscia,12/12/1962,XS
73,Hamil,Sadgrove,hsadgrove20@gizmodo.com,Male,BMW,7 Series,2008,Purple,5/20/1965,L
74,Marilee,D'Adamo,mdadamo21@cpanel.net,Female,Volkswagen,Cabriolet,1986,Khaki,12/26/1983,M
75,Erastus,Garvin,egarvin22@paypal.com,Male,Lamborghini,Diablo,1998,Yellow,5/28/1977,3XL
76,Parker,Quigg,pquigg23@cafepress.com,Male,Lexus,RX,2012,Maroon,4/23/1947,2XL
77,Gabbie,Seman,gseman24@mapquest.com,Female,Mazda,MPV,1997,Maroon,6/13/1983,XL
78,Marnia,Tebb,mtebb25@columbia.edu,Female,Oldsmobile,Bravada,2003,Pink,7/16/1993,M
79,Katleen,Matysiak,kmatysiak26@chronoengine.com,Female,BMW,Z4 M,2008,Teal,12/26/1954,XL
80,Demott,Postan,dpostan27@yandex.ru,Male,Subaru,Forester,2010,Purple,9/28/1973,XS
81,Anjanette,Simecek,asimecek28@ustream.tv,Female,GMC,Envoy,2008,Pink,12/28/1997,S
82,Lori,Divell,ldivell29@comcast.net,Female,Mazda,Protege,1998,Indigo,9/10/1939,L
83,Stevena,Blest,sblest2a@google.com.au,Female,GMC,Safari,1992,Yellow,3/31/1975,S
84,Hersch,Bucktrout,hbucktrout2b@amazonaws.com,Male,Honda,Civic GX,2003,Blue,2/5/1952,S
85,Natal,Tewes,ntewes2c@clickbank.net,Male,GMC,3500,1998,Red,5/31/1998,S
86,Oates,Lebbern,olebbern2d@economist.com,Male,Cadillac,SRX,2012,Mauv,10/27/1997,L
87,Rosetta,Challice,rchallice2e@trellian.com,Female,Ford,Mustang,1992,Fuscia,1/28/1942,M
88,Alexis,Libreros,alibreros2f@jalbum.net,Male,Mercury,Sable,2004,Yellow,3/25/1977,S
89,Connie,Ashborne,cashborne2g@google.pl,Female,Nissan,Xterra,2001,Blue,2/12/1979,XL
90,Dulciana,Stollman,dstollman2h@zdnet.com,Female,Ford,Taurus,2006,Maroon,6/21/1944,M
91,Early,Danielczyk,edanielczyk2i@samsung.com,Male,Mercedes-Benz,SLR McLaren,2008,Teal,10/25/1987,M
92,Lyndy,Stoyles,lstoyles2j@123-reg.co.uk,Female,Toyota,Corolla,1996,Yellow,8/17/1979,M
93,Angelia,Limbrick,alimbrick2k@behance.net,Female,Saab,9000,1993,Mauv,6/20/1955,S
94,Zebulen,Counter,zcounter2l@virginia.edu,Male,Mazda,MX-6,1990,Puce,10/5/1984,M
95,Grannie,Henzer,ghenzer2m@sitemeter.com,Male,Chevrolet,Caprice,1994,Orange,3/30/1950,S
96,Leone,Dreng,ldreng2n@globo.com,Female,Cadillac,SRX,2004,Crimson,10/21/1965,XL
97,Dacey,Grube,dgrube2o@canalblog.com,Female,Mitsubishi,Eclipse,1998,Crimson,10/10/1965,XS
98,Rickey,MacCole,rmaccole2p@newyorker.com,Male,Dodge,Stealth,1994,Maroon,10/21/1965,2XL
99,Flemming,Pennycuick,fpennycuick2q@zdnet.com,Male,Porsche,Cayenne,2011,Orange,11/14/1936,XL
100,Quill,Jerzak,qjerzak2r@reuters.com,Male,Honda,S2000,2003,Blue,11/12/1965,XL
101,Maritsa,Cosbey,mcosbey2s@microsoft.com,Female,Pontiac,Grand Am,2003,Violet,8/27/1973,M
102,Marsha,Dorning,mdorning2t@craigslist.org,Female,Toyota,Sienna,2003,Puce,8/7/1935,XS
103,Benn,Tiuit,btiuit2u@macromedia.com,Male,Buick,Regal,1997,Teal,3/18/1977,S
104,Dania,Farenden,dfarenden2v@sohu.com,Female,Mitsubishi,Cordia,1985,Fuscia,3/15/1958,XL
105,Daphna,Grastye,dgrastye2w@clickbank.net,Female,Dodge,Caravan,2006,Turquoise,6/29/1967,L
106,Kylila,Melledy,kmelledy2x@noaa.gov,Female,Mazda,Protege,1997,Violet,10/28/1959,M
107,Rosco,Titchard,rtitchard2y@paypal.com,Male,Volvo,XC70,2011,Fuscia,3/19/1945,M
108,Allie,Wickliffe,awickliffe2z@diigo.com,Female,Volkswagen,Golf,1994,Maroon,12/17/1936,L
109,Merwyn,Crone,mcrone30@youtube.com,Male,Aston Martin,Vantage,2007,Blue,11/15/1972,M
110,Del,Grimsdike,dgrimsdike31@slate.com,Female,Mercedes-Benz,SL-Class,1993,Red,9/28/1957,XL
111,Gage,Giraths,ggiraths32@icq.com,Male,Jeep,Grand Cherokee,1997,Pink,8/7/1950,XL
112,Artemis,Klewi,aklewi33@prlog.org,Male,Ford,Escape,2006,Goldenrod,1/5/1979,3XL
113,Goldia,Brekonridge,gbrekonridge34@intel.com,Female,Saab,9000,1991,Puce,3/28/1974,XL
114,Waiter,Tant,wtant35@bing.com,Male,Infiniti,FX,2006,Puce,7/8/1969,L
115,Malvina,Ginman,mginman36@barnesandnoble.com,Female,BMW,1 Series,2011,Maroon,5/29/1958,L
116,Faustina,Slowley,fslowley37@ucsd.edu,Female,Chrysler,Sebring,1996,Blue,9/25/1983,XL
117,Cobby,McAlpine,cmcalpine38@theguardian.com,Male,Jeep,Wrangler,1998,Goldenrod,12/3/1969,L
118,Alfy,Burland,aburland39@chicagotribune.com,Male,Lamborghini,Gallardo,2003,Fuscia,6/4/1957,M
119,Wren,Caccavari,wcaccavari3a@ow.ly,Female,Suzuki,Grand Vitara,2001,Orange,1/4/1981,S
120,Dede,Alpe,dalpe3b@pagesperso-orange.fr,Female,Hyundai,Tiburon,2003,Goldenrod,5/24/1995,S
121,Caitlin,Heindl,cheindl3c@storify.com,Female,Honda,Civic,1995,Teal,3/6/1934,3XL
122,Aurora,Kiddy,akiddy3d@tinypic.com,Female,Buick,Roadmaster,1991,Teal,1/4/1953,L
123,Cassie,Bulteel,cbulteel3e@spiegel.de,Male,Chevrolet,Traverse,2009,Puce,3/17/1986,2XL
124,Therine,Kinnerley,tkinnerley3f@wordpress.com,Female,Mitsubishi,Mighty Max Macro,1993,Mauv,12/5/1954,2XL
125,Lemar,Merton,lmerton3g@topsy.com,Male,Dodge,Ram Wagon B350,1993,Khaki,6/11/1979,L
126,Nickolai,Hartles,nhartles3h@tinypic.com,Male,Toyota,Sienna,2000,Violet,3/28/1962,S
127,Bryant,Raddenbury,braddenbury3i@howstuffworks.com,Male,Mazda,B-Series Plus,2003,Teal,3/18/1944,3XL
128,Lyndsie,Nolan,lnolan3j@privacy.gov.au,Female,BMW,Z4,2012,Crimson,5/3/1944,L
129,Domingo,McCart,dmccart3k@sakura.ne.jp,Male,Audi,S4,2002,Red,8/21/1944,S
130,Theobald,Pownall,tpownall3l@sun.com,Male,Scion,xD,2009,Puce,2/11/1986,S
131,Bennie,Chattaway,bchattaway3m@toplist.cz,Female,GMC,Acadia,2009,Aquamarine,3/18/1955,XS
132,Ciro,Swannie,cswannie3n@bbb.org,Male,Dodge,Ram 1500,2005,Orange,2/3/1973,S
133,Lazarus,Blazevic,lblazevic3o@last.fm,Male,Dodge,Ram Wagon B350,1994,Orange,5/12/1973,XS
134,Annalise,Gaskill,agaskill3p@scientificamerican.com,Female,Chevrolet,Avalanche 1500,2003,Puce,6/13/1943,XL
135,Shannon,Dinse,sdinse3q@geocities.jp,Male,Kia,Spectra,2002,Green,4/5/1950,L
136,Gregorius,Landreth,glandreth3r@archive.org,Male,Mercury,Mystique,1997,Fuscia,1/15/1997,3XL
137,Marten,Groger,mgroger3s@pen.io,Male,Volkswagen,New Beetle,2000,Teal,6/17/1975,XL
138,Douglass,Archdeckne,darchdeckne3t@utexas.edu,Male,Volkswagen,R32,2004,Pink,4/10/1972,3XL
139,Velma,Seldner,vseldner3u@usda.gov,Female,Mercedes-Benz,SL-Class,2006,Teal,8/2/1981,S
140,Patsy,Cleland,pcleland3v@paypal.com,Male,Pontiac,Parisienne,1984,Teal,4/21/1942,3XL
141,Nick,Hannibal,nhannibal3w@list-manage.com,Male,Pontiac,GTO,1968,Yellow,5/22/1975,L
142,Dorise,Hrinchishin,dhrinchishin3x@dailymail.co.uk,Female,Chevrolet,Tahoe,2010,Goldenrod,5/27/1944,L
143,Aldo,Doughartie,adoughartie3y@sakura.ne.jp,Male,Mercedes-Benz,400SEL,1993,Maroon,2/16/1959,3XL
144,Gaynor,Nerney,gnerney3z@ezinearticles.com,Female,Lexus,LX,2006,Khaki,6/18/1956,XL
145,Merrile,Friedank,mfriedank40@vistaprint.com,Female,Ford,Explorer Sport,2002,Fuscia,1/15/1996,L
146,Kala,Aguirrezabal,kaguirrezabal41@whitehouse.gov,Female,Pontiac,Safari,1986,Goldenrod,9/8/1953,XL
147,Odelinda,Govan,ogovan42@cloudflare.com,Female,Audi,S4,1992,Blue,1/11/1992,S
148,Georges,Ughelli,gughelli43@typepad.com,Male,Cadillac,Seville,2003,Goldenrod,1/20/1944,XS
149,Eugen,Andreazzi,eandreazzi44@purevolume.com,Male,Mazda,,,,,
150,Stacee,Pursglove,spursglove45@apache.org,Male,Buick,Regal,1995,Purple,5/2/1934,L
151,Agustin,Pancast,apancast46@merriam-webster.com,Male,Toyota,Avalon,2010,Maroon,6/19/1953,XS
152,Peadar,Oppie,poppie47@sun.com,Male,Mazda,Miata MX-5,2006,Fuscia,2/25/1978,3XL
153,Sarina,Clipston,sclipston48@china.com.cn,Female,Cadillac,STS,2006,Puce,9/19/1985,2XL
154,Guglielma,O'Fallon,gofallon49@meetup.com,Female,Audi,R8,2010,Fuscia,7/27/1992,M
155,Stillmann,Pursey,spursey4a@oakley.com,Male,Mercury,Sable,1988,Goldenrod,7/31/1988,XS
156,Lyndsey,Baythorp,lbaythorp4b@springer.com,Female,Dodge,Grand Caravan,2006,Mauv,5/3/1968,3XL
157,Mick,Wollen,mwollen4c@indiatimes.com,Male,Ford,Thunderbird,1989,Orange,9/28/1966,XS
158,Kingston,Ilieve,kilieve4d@jiathis.com,Male,Mitsubishi,Galant,2001,Turquoise,6/12/1981,M
159,Thaddus,Wurst,twurst4e@privacy.gov.au,Male,Audi,4000s Quattro,1986,Pink,1/15/1954,XS
160,Nadiya,Whilde,nwhilde4f@edublogs.org,Female,GMC,Savana 2500,2006,Green,12/27/1992,M
161,Celinda,Kilbourn,ckilbourn4g@salon.com,Female,Kia,Sephia,1994,Aquamarine,9/24/1973,3XL
162,Dallas,Tilburn,dtilburn4h@blogger.com,Male,Chrysler,Sebring,2003,Indigo,6/9/1943,M
163,Sandye,Caville,scaville4i@furl.net,Female,Oldsmobile,Ciera,1995,Indigo,2/22/1955,2XL
164,Tate,Kingston,tkingston4j@nhs.uk,Female,GMC,Savana 2500,2006,Red,5/5/1942,2XL
165,Darin,Brussell,dbrussell4k@timesonline.co.uk,Male,Chevrolet,1500,1999,Yellow,11/16/1937,3XL
166,Dinah,Piche,dpiche4l@usatoday.com,Female,Maserati,Spyder,1989,Teal,4/4/1949,S
167,Thomasine,Heathcott,theathcott4m@mlb.com,Female,Nissan,Pathfinder,1996,Pink,10/9/1980,S
168,Vivian,Tither,vtither4n@reference.com,Female,Toyota,Land Cruiser,2013,Violet,4/20/1961,L
169,Dyane,Ainsley,dainsley4o@epa.gov,Female,Ford,Ranger,2002,Crimson,8/31/1950,M
170,Velvet,Riley,vriley4p@imageshack.us,Female,Dodge,Ram 2500,1999,Goldenrod,4/18/1974,3XL
171,Lusa,Pahl,lpahl4q@tuttocitta.it,Female,Infiniti,Q,2000,Yellow,12/3/1961,M
172,Winnie,Curle,wcurle4r@cnn.com,Female,Mercury,Cougar,1967,Crimson,5/9/1991,M
173,Marigold,Squibb,msquibb4s@edublogs.org,Female,Ford,Econoline E150,1995,Turquoise,10/20/1936,2XL
174,Cristian,Beushaw,cbeushaw4t@edublogs.org,Male,Chrysler,Aspen,2007,Goldenrod,5/25/1982,L
175,Paolina,Keems,pkeems4u@cargocollective.com,Female,Hummer,H2,2009,Yellow,2/25/1957,L
176,Belita,Balser,bbalser4v@home.pl,Female,Lincoln,Town Car,1984,Blue,8/8/1995,M
177,Kelila,Monketon,kmonketon4w@chicagotribune.com,Female,Cadillac,DeVille,2005,Aquamarine,4/26/1947,S
178,Mirelle,Yesenev,myesenev4x@apache.org,Female,Pontiac,Bonneville,1997,Teal,4/25/1970,2XL
179,Norton,Dinley,ndinley4y@jugem.jp,Male,Lamborghini,Gallardo,2009,Goldenrod,3/28/1951,3XL
180,Augustine,Mc Queen,amcqueen4z@loc.gov,Female,Lincoln,Navigator,2010,Yellow,10/5/1993,XS
181,Woodrow,Peealess,wpeealess50@joomla.org,Male,Dodge,Ram 1500,2002,Puce,1/3/1991,3XL
182,Ara,Boays,aboays51@woothemes.com,Female,Cadillac,Catera,2001,Pink,11/28/1959,S
183,Jocelyn,Sinkinson,jsinkinson52@360.cn,Female,Dodge,Durango,2004,Pink,6/29/1976,S
184,Jeanie,Phillot,jphillot53@umich.edu,Female,Dodge,Neon,1997,Maroon,5/24/1956,3XL
185,Lambert,Zealander,lzealander54@foxnews.com,Male,Dodge,Ram Van 2500,2000,Yellow,7/4/1991,XL
186,Arlina,Mottershaw,amottershaw55@mapy.cz,Female,Mercedes-Benz,G-Class,2004,Mauv,3/8/1956,L
187,Elsa,De Brett,edebrett56@sphinn.com,Female,Mazda,Familia,1989,Teal,6/17/1964,L
188,Sheilah,Kitchinham,skitchinham57@forbes.com,Female,Jeep,Grand Cherokee,2000,Crimson,9/20/1962,XS
189,Jozef,Edensor,jedensor58@yandex.ru,Male,Chevrolet,2500,1992,Fuscia,11/4/1967,3XL
190,Jonathon,Andreone,jandreone59@tiny.cc,Male,Mercedes-Benz,,,,,
191,Harriet,Cicco,hcicco5a@zimbio.com,Female,Eagle,Vision,1996,Red,11/20/1987,3XL
192,Ealasaid,Lyness,elyness5b@ovh.net,Female,Volvo,XC90,2003,Turquoise,4/24/1984,M
193,Dulci,Birdwistle,dbirdwistle5c@va.gov,Female,GMC,Savana 2500,2009,Maroon,4/9/1941,L
194,Ivy,D'Ambrogi,idambrogi5d@springer.com,Female,Ford,Excursion,2003,Goldenrod,10/6/1980,2XL
195,Eba,Shevell,eshevell5e@discuz.net,Female,Pontiac,Daewoo Kalos,2005,Yellow,12/20/1970,XL
196,Jefferson,Critchell,jcritchell5f@craigslist.org,Male,Audi,A4,1999,Aquamarine,5/5/1996,2XL
197,Vinny,Stanistreet,vstanistreet5g@amazon.co.uk,Female,GMC,2500,1996,Blue,6/8/1983,3XL
198,Lorry,Johnsson,ljohnsson5h@shareasale.com,Female,Ford,E-Series,2010,Indigo,3/23/1943,3XL
199,Lenee,Blaszczak,lblaszczak5i@imageshack.us,Female,Ford,Explorer,1998,Khaki,4/24/1941,XL
200,Ulick,Woollett,uwoollett5j@seattletimes.com,Male,Ford,Econoline E350,1996,Puce,6/7/1996,3XL
201,Gisella,Eicheler,geicheler5k@jiathis.com,Female,Mitsubishi,Challenger,2001,Red,1/8/1969,XS
202,Sarena,Thirlwall,sthirlwall5l@economist.com,Female,Chrysler,Grand Voyager,2000,Turquoise,11/2/1957,L
203,Kip,De Cristoforo,kdecristoforo5m@last.fm,Male,GMC,Canyon,2011,Khaki,8/10/1984,M
204,Adamo,Matthew,amatthew5n@nih.gov,Male,Chevrolet,Lumina,1994,Orange,11/26/1948,XL
205,Olivette,Medland,omedland5o@tinypic.com,Female,Hyundai,Sonata,1996,Green,6/14/1940,XS
206,Rollins,Fittall,rfittall5p@live.com,Male,Mercury,Villager,2001,Teal,2/6/1990,L
207,Rudolph,Muncaster,rmuncaster5q@de.vu,Male,Dodge,D250 Club,1993,Orange,8/9/1972,XS
208,Darb,Howatt,dhowatt5r@i2i.jp,Male,Lotus,Esprit,2003,Yellow,2/16/1940,3XL
209,Jacklyn,Posselt,jposselt5s@yellowbook.com,Female,Porsche,944,1984,Blue,11/19/1974,XS
210,Marisa,Clemenceau,mclemenceau5t@nydailynews.com,Female,Pontiac,Bonneville,1987,Goldenrod,10/20/1963,M
211,Daniel,Vedenisov,dvedenisov5u@forbes.com,Male,Ford,Mustang,1987,Puce,8/28/1963,L
212,Jacky,Raggatt,jraggatt5v@sfgate.com,Male,Volkswagen,Jetta,2004,Turquoise,11/21/1994,XL
213,Keriann,Clinkard,kclinkard5w@wordpress.com,Female,GMC,Vandura 2500,1992,Aquamarine,8/28/1948,3XL
214,Christel,Bellward,cbellward5x@mayoclinic.com,Female,Isuzu,Rodeo Sport,2002,Indigo,6/7/1988,S
215,Jeff,Matterdace,jmatterdace5y@t-online.de,Male,Chevrolet,Metro,2001,Aquamarine,1/20/1970,M
216,Hastings,Aluard,haluard5z@tamu.edu,Male,Mercedes-Benz,CL-Class,2008,Goldenrod,1/26/1942,M
217,Verene,Bartolomeu,vbartolomeu60@china.com.cn,Female,Saab,900,1984,Teal,2/13/1979,XS
218,Stacey,MacNeish,smacneish61@de.vu,Female,Mercedes-Benz,500SL,1993,Puce,3/9/1994,S
219,Sophie,McGuiney,smcguiney62@amazon.co.jp,Female,Mazda,Miata MX-5,1994,Yellow,8/23/1956,S
220,Artemus,Figgures,afiggures63@goodreads.com,Male,Mitsubishi,Endeavor,2008,Puce,3/28/1961,M
221,Carley,Brownsett,cbrownsett64@independent.co.uk,Female,GMC,Savana 2500,1999,Turquoise,8/9/1970,M
222,Delmore,Aleksandrikin,daleksandrikin65@pen.io,Male,Acura,TL,2010,Maroon,9/16/1981,3XL
223,Northrup,Randal,nrandal66@is.gd,Male,Ford,Explorer,1996,Yellow,7/9/1959,L
224,Godwin,Arnall,garnall67@51.la,Male,Ford,F350,1995,Blue,8/8/1969,XL
225,Therine,Southerell,tsoutherell68@google.de,Female,Merkur,XR4Ti,1985,Orange,8/6/1972,XL
226,Andy,Burle,aburle69@pcworld.com,Male,Audi,A8,2002,Turquoise,9/16/1948,M
227,Abe,Forte,aforte6a@jigsy.com,Male,Volvo,XC70,2008,Green,6/11/1983,XS
228,Orrin,Earey,oearey6b@mapy.cz,Male,Chevrolet,S10,1992,Fuscia,5/23/1962,3XL
229,Rik,Dadswell,rdadswell6c@reference.com,Male,Audi,riolet,1995,Fuscia,7/14/1933,XS
230,Mason,Pinchbeck,mpinchbeck6d@unc.edu,Male,Toyota,Sequoia,2006,Purple,8/2/1970,3XL
231,Terri,Ullock,tullock6e@list-manage.com,Male,GMC,Yukon XL 2500,2010,Mauv,3/25/1985,XL
232,Dottie,Wadhams,dwadhams6f@blogger.com,Female,Isuzu,Oasis,1996,Fuscia,1/2/1997,3XL
233,Tomkin,Wormstone,twormstone6g@blog.com,Male,Kia,Optima,2011,Puce,12/25/1973,XS
234,Yank,Backshell,ybackshell6h@senate.gov,Male,Isuzu,Hombre Space,2000,Indigo,11/3/1996,XS
235,Wynn,Spiaggia,wspiaggia6i@yolasite.com,Male,Mercury,Mystique,1996,Puce,11/5/1966,L
236,Bev,Kowal,bkowal6j@mapy.cz,Female,Ford,Crown Victoria,2008,Green,6/5/1938,L
237,Rip,Spaldin,rspaldin6k@t.co,Male,Mazda,RX-7,1992,Violet,8/2/1972,2XL
238,Cathlene,Banyard,cbanyard6l@patch.com,Female,Suzuki,SJ,1995,Red,8/22/1965,XS
239,Terrence,Verson,tverson6m@illinois.edu,Male,Daewoo,Leganza,2001,Green,11/23/1945,3XL
240,Storm,Zorzini,szorzini6n@webeden.co.uk,Female,Honda,S2000,2000,Teal,1/31/1972,S
241,Cammy,Rouchy,crouchy6o@hubpages.com,Male,Suzuki,SJ,1992,Crimson,6/20/1978,3XL
242,Carmelina,Duckfield,cduckfield6p@state.tx.us,Female,Chevrolet,Volt,2012,Teal,7/19/1943,L
243,Frannie,Wasmuth,fwasmuth6q@123-reg.co.uk,Male,Jeep,Wrangler,1992,Teal,1/2/1982,XL
244,Ethan,Hub,ehub6r@a8.net,Male,Mercury,Lynx,1986,Teal,3/6/1960,2XL
245,Stearne,Coaten,scoaten6s@sina.com.cn,Male,Toyota,Celica,1997,Fuscia,4/14/1963,2XL
246,Denny,Taunton,dtaunton6t@over-blog.com,Male,Jeep,Liberty,2012,Blue,12/25/1997,M
247,Ursala,Crannis,ucrannis6u@japanpost.jp,Female,Pontiac,Firebird,1993,Mauv,11/18/1961,M
248,Violette,Mayou,vmayou6v@oaic.gov.au,Female,Mercury,Topaz,1990,Mauv,12/29/1968,M
249,Dyanna,Pemble,dpemble6w@google.com.br,Female,Kia,Rondo,2010,Mauv,11/23/1969,M
250,Royal,Dickin,rdickin6x@51.la,Male,Mercedes-Benz,S-Class,2006,Orange,1/11/1994,M
251,Hakeem,Erangy,herangy6y@imageshack.us,Male,Audi,S8,2009,Puce,4/9/1992,2XL
252,Margaret,Cruickshank,mcruickshank6z@exblog.jp,Female,Chevrolet,Caprice Classic,1993,Crimson,9/7/1972,M
253,Tome,Keave,tkeave70@furl.net,Male,Infiniti,M,2007,Turquoise,12/1/1968,L
254,Berti,Sneath,bsneath71@shareasale.com,Female,Hyundai,Tiburon,1997,Mauv,4/20/1987,S
255,Deirdre,Manderson,dmanderson72@alexa.com,Female,Nissan,Frontier,2009,Red,3/13/1974,XL
256,Joshuah,Treagust,jtreagust73@theatlantic.com,Male,Toyota,Highlander,2006,Pink,4/7/1965,S
257,Claudianus,Butter,cbutter74@tiny.cc,Male,Volkswagen,Cabriolet,1987,Crimson,10/15/1934,S
258,Marcela,Littlefield,mlittlefield75@ucoz.ru,Female,GMC,Envoy,2002,Crimson,5/24/1987,L
259,Suzie,Ingram,singram76@statcounter.com,Female,Saturn,Aura,2007,Teal,5/7/1977,L
260,Renaldo,Merrington,rmerrington77@cocolog-nifty.com,Male,Buick,Regal,1990,Purple,5/9/1970,S
261,Kerwinn,Bertome,kbertome78@gnu.org,Male,Ford,Econoline E350,1995,Maroon,8/18/1978,XS
262,Rasla,Slemmonds,rslemmonds79@goo.ne.jp,Female,BMW,Z3,1999,Puce,10/17/1974,3XL
263,Spencer,Praill,spraill7a@acquirethisname.com,Male,Mitsubishi,Diamante,2004,Yellow,3/28/1973,XL
264,Vilhelmina,Sharpe,vsharpe7b@t-online.de,Female,Jeep,Grand Cherokee,2006,Mauv,2/26/1960,XS
265,Carlos,Wethered,cwethered7c@elpais.com,Male,Mazda,B2000,1985,Green,6/22/1946,M
266,Teirtza,Hirtz,thirtz7d@usatoday.com,Female,Toyota,Previa,1994,Indigo,3/14/1970,L
267,Marketa,Andrei,mandrei7e@google.nl,Female,Chevrolet,Camaro,1977,Khaki,12/31/1981,M
268,Stacie,Axten,saxten7f@mlb.com,Female,Mercury,Grand Marquis,2001,Khaki,4/7/1997,XL
269,Eadie,MacNeillie,emacneillie7g@nhs.uk,Female,Scion,xB,2010,Orange,4/13/1974,XL
270,Cori,Winscum,cwinscum7h@ameblo.jp,Male,GMC,Rally Wagon 2500,1993,Mauv,9/26/1974,XL
271,Torrey,Winning,twinning7i@msu.edu,Male,Merkur,XR4Ti,1985,Aquamarine,11/12/1960,L
272,Lowrance,Satyford,lsatyford7j@irs.gov,Male,Jeep,Wrangler,2005,Pink,12/17/1973,L
273,Missy,O'Hogertie,mohogertie7k@pagesperso-orange.fr,Female,Saturn,S-Series,2001,Crimson,1/27/1966,L
274,Clemence,Brizell,cbrizell7l@irs.gov,Female,Ford,Escape,2006,Blue,2/20/1982,2XL
275,Persis,Louedey,plouedey7m@economist.com,Female,Subaru,SVX,1993,Red,5/23/1998,S
276,Jeanelle,Jewks,jjewks7n@opera.com,Female,Toyota,Tercel,1994,Indigo,11/15/1989,S
277,Lurlene,Placidi,lplacidi7o@oracle.com,Female,BMW,6 Series,2008,Indigo,7/29/1969,2XL
278,Itch,Hizir,ihizir7p@vistaprint.com,Male,Mitsubishi,Excel,1989,Mauv,8/23/1972,XL
279,Rafferty,Lovemore,rlovemore7q@engadget.com,Male,Cadillac,Eldorado,1995,Red,4/25/1939,S
280,Daniele,Colebourn,dcolebourn7r@typepad.com,Female,Maserati,Quattroporte,1986,Mauv,3/14/1966,L
281,Noby,Tackes,ntackes7s@networkadvertising.org,Male,Geo,Storm,1992,Pink,5/11/1960,3XL
282,Kassia,Anglin,kanglin7t@domainmarket.com,Female,Pontiac,LeMans,1993,Pink,1/12/1945,S
283,Hamilton,Davley,hdavley7u@howstuffworks.com,Male,Isuzu,Impulse,1992,Crimson,12/11/1970,3XL
284,Rosella,Acres,racres7v@paypal.com,Female,Chevrolet,Beretta,1995,Purple,12/19/1967,S
285,Hirsch,Bratch,hbratch7w@cbc.ca,Male,GMC,Suburban 2500,1992,Indigo,10/5/1933,3XL
286,Layton,Khristyukhin,lkhristyukhin7x@gravatar.com,Male,Mazda,MX-5,1998,Teal,4/26/1937,S
287,Lamont,Flaws,lflaws7y@upenn.edu,Male,Ford,Taurus,2003,Khaki,1/9/1950,XL
288,Georg,Emmitt,gemmitt7z@printfriendly.com,Male,Ford,Econoline E150,1996,Indigo,2/14/1937,L
289,Stuart,Combes,scombes80@reference.com,Male,Dodge,Caliber,2007,Purple,1/19/1966,XL
290,Major,Wakeman,mwakeman81@apple.com,Male,Cadillac,Seville,1993,Red,4/30/1985,XL
291,Durant,Pankettman,dpankettman82@domainmarket.com,Male,Plymouth,Acclaim,1992,Purple,2/12/1984,3XL
292,Trueman,Gherardini,tgherardini83@tmall.com,Male,Acura,TSX,2012,Turquoise,5/15/1953,XL
293,Lynne,Sidwell,lsidwell84@archive.org,Female,Pontiac,Bonneville,1998,Yellow,7/7/1986,3XL
294,Sauveur,Thornton-Dewhirst,sthorntondewhirst85@unc.edu,Male,Acura,TSX,2006,Yellow,10/23/1978,M
295,Sara-ann,McCree,smccree86@linkedin.com,Female,Isuzu,Rodeo,2001,Pink,3/4/1945,XL
296,Benjamen,Kield,bkield87@aol.com,Male,Mercedes-Benz,SLS AMG,2011,Purple,10/11/1990,3XL
297,Eustacia,Downie,edownie88@unicef.org,Female,Mazda,626,1999,Fuscia,9/24/1945,M
298,Stacia,Jansa,sjansa89@yandex.ru,Female,Volkswagen,rio,1995,Indigo,12/4/1951,XS
299,Brigg,Dinwoodie,bdinwoodie8a@netlog.com,Male,Ford,E-350 Super Duty,2006,Turquoise,10/29/1948,XS
300,Arvie,Matchett,amatchett8b@army.mil,Male,Ferrari,California,2009,Maroon,10/3/1975,3XL
301,Thebault,Bunston,tbunston8c@chron.com,Male,Subaru,Legacy,1999,Green,8/28/1990,XS
302,Maryellen,Pentecost,mpentecost8d@arizona.edu,Female,Mercedes-Benz,SLS AMG,2012,Purple,8/17/1961,L
303,Moishe,Humphries,mhumphries8e@squarespace.com,Male,Dodge,,,,,
304,Tremain,Twine,ttwine8f@sciencedaily.com,Male,Ford,Thunderbird,1996,Teal,8/17/1958,M
305,Eustacia,Hanscomb,ehanscomb8g@etsy.com,Female,Mercury,Sable,1997,Fuscia,3/13/1966,3XL
306,Corbett,Dobrowlski,cdobrowlski8h@squarespace.com,Male,Toyota,Celica,1994,Aquamarine,4/20/1973,3XL
307,Muriel,Kopman,mkopman8i@globo.com,Female,Subaru,SVX,1994,Mauv,6/15/1934,L
308,Humphrey,Syseland,hsyseland8j@fema.gov,Male,Saab,9-7X,2007,Red,3/30/1994,L
309,Gonzalo,Trevett,gtrevett8k@pagesperso-orange.fr,Male,Lexus,IS,2008,Blue,4/22/1967,XS
310,Mattheus,Bridell,mbridell8l@myspace.com,Male,Volkswagen,Type 2,1989,Puce,10/4/1998,3XL
311,Liz,Fallen,lfallen8m@desdev.cn,Female,Volkswagen,Fox,1987,Puce,4/16/1961,XS
312,Finlay,Daveren,fdaveren8n@seattletimes.com,Male,Isuzu,Space,1994,Fuscia,9/15/1947,S
313,Chickie,Cunliffe,ccunliffe8o@mayoclinic.com,Female,Ford,Explorer,2008,Maroon,11/1/1951,XL
314,Brigham,Stairmand,bstairmand8p@ibm.com,Male,Chevrolet,Monte Carlo,2005,Maroon,1/3/1960,M
315,Amandie,Grishagin,agrishagin8q@ca.gov,Female,Dodge,Ramcharger,1992,Puce,6/15/1944,M
316,Jerrome,Lissandrini,jlissandrini8r@google.com.au,Male,Geo,,,,,
317,Dannie,Yates,dyates8s@blogspot.com,Male,Dodge,Ram Van B150,1994,Puce,11/10/1958,3XL
318,Otha,Stillmann,ostillmann8t@imageshack.us,Female,Ford,Bronco,1984,Orange,10/6/1996,2XL
319,Ambrosio,Sellack,asellack8u@vk.com,Male,Mazda,Mazdaspeed 3,2010,Red,2/10/1933,2XL
320,Godfrey,Labden,glabden8v@newsvine.com,Male,Buick,Regal,2002,Fuscia,12/9/1995,M
321,Cristiano,Tommasetti,ctommasetti8w@jigsy.com,Male,Nissan,Pathfinder,2010,Blue,6/13/1998,XS
322,Clemmy,Cossey,ccossey8x@dailymail.co.uk,Male,Ford,LTD,1984,Yellow,8/26/1996,L
323,Jaine,Brosoli,jbrosoli8y@cbc.ca,Female,Audi,TT,2006,Blue,3/21/1945,XL
324,Reed,Darleston,rdarleston8z@spiegel.de,Male,Isuzu,Rodeo,1999,Khaki,3/21/1960,L
325,Kennett,Pettengell,kpettengell90@addtoany.com,Male,Fillmore,Fillmore,1960,Teal,10/25/1941,3XL
326,Guido,Stringer,gstringer91@senate.gov,Male,Ford,,,,,
327,Freemon,Adamsen,fadamsen92@jimdo.com,Male,Pontiac,Grand Am,2000,Yellow,4/17/1978,3XL
328,Jone,Sollas,jsollas93@csmonitor.com,Male,Jeep,Liberty,2011,Mauv,8/14/1972,L
329,Glyn,Mougel,gmougel94@google.cn,Male,Mitsubishi,Montero,1995,Teal,5/4/1960,S
330,Ursa,Klasing,uklasing95@statcounter.com,Female,Kia,Sedona,2008,Teal,1/8/1995,S
331,Ivory,Dowsett,idowsett96@wunderground.com,Female,Volvo,C30,2012,Blue,9/7/1965,S
332,Faustina,Dakin,fdakin97@cbsnews.com,Female,Ford,Mustang,1998,Indigo,11/21/1977,3XL
333,Ardella,Culleford,aculleford98@tripod.com,Female,BMW,Z8,2000,Turquoise,10/4/1991,3XL
334,Carol-jean,Reichartz,creichartz99@icio.us,Female,Mitsubishi,Diamante,1997,Violet,7/4/1976,3XL
335,Becka,Wyness,bwyness9a@globo.com,Female,Toyota,4Runner,2000,Indigo,10/8/1943,2XL
336,Jessie,Mews,jmews9b@xing.com,Female,Mitsubishi,Challenger,2000,Indigo,7/2/1979,M
337,Aurelea,Carabet,acarabet9c@ftc.gov,Female,Fiat,,,,,
338,Carole,Snare,csnare9d@utexas.edu,Female,GMC,1500 Club Coupe,1999,Violet,1/3/1954,2XL
339,Allsun,Syder,asyder9e@umn.edu,Female,Daihatsu,Charade,1992,Blue,6/2/1948,XS
340,Nadya,Waleran,nwaleran9f@noaa.gov,Female,GMC,Savana 2500,2010,Puce,6/28/1937,2XL
341,Winn,Crowe,wcrowe9g@g.co,Male,Toyota,Highlander,2010,Turquoise,8/20/1997,2XL
342,Gayelord,Dunning,gdunning9h@hostgator.com,Male,Mitsubishi,Mighty Max,1996,Pink,8/3/1968,2XL
343,Tabbatha,Berendsen,tberendsen9i@google.nl,Female,Chrysler,Town & Country,2006,Teal,4/6/1973,XS
344,D'arcy,Stanners,dstanners9j@mapquest.com,Male,Volkswagen,GTI,1997,Green,5/19/1939,3XL
345,Sinclare,O'Loughlin,soloughlin9k@omniture.com,Male,Volkswagen,Golf,2002,Maroon,1/5/1966,L
346,Tybie,Penberthy,tpenberthy9l@microsoft.com,Female,Buick,Skylark,1986,Violet,9/1/1933,XL
347,Maribeth,Akrigg,makrigg9m@toplist.cz,Female,Rolls-Royce,Phantom,2013,Puce,3/5/1944,3XL
348,Shaylynn,Orhtmann,sorhtmann9n@nba.com,Female,Nissan,Versa,2011,Puce,3/23/1984,3XL
349,Edee,Heape,eheape9o@yelp.com,Female,Infiniti,G,2009,Pink,8/30/1954,XL
350,Pedro,Abbe,pabbe9p@skype.com,Male,Mitsubishi,Galant,2011,Violet,8/29/1976,3XL
351,Lock,Jeays,ljeays9q@wix.com,Male,Buick,Rendezvous,2002,Red,4/2/1982,M
352,Manny,Abelson,mabelson9r@ftc.gov,Male,Lexus,ES,2011,Goldenrod,9/3/1937,XL
353,Richart,Crocetti,rcrocetti9s@cocolog-nifty.com,Male,Pontiac,Firefly,1988,Green,9/5/1964,XL
354,Gregoire,Formie,gformie9t@odnoklassniki.ru,Male,Isuzu,Hombre Space,1999,Maroon,2/6/1982,3XL
355,Brian,Seeler,bseeler9u@wired.com,Male,Dodge,,,,,
356,Tye,Thorn,tthorn9v@1688.com,Male,Volkswagen,GTI,2005,Fuscia,8/27/1983,2XL
357,Emmerich,Whitmore,ewhitmore9w@imgur.com,Male,Ford,Escort,1985,Purple,9/22/1974,L
358,Claretta,Stead,cstead9x@yellowpages.com,Female,Dodge,D150 Club,1992,Red,6/12/1980,S
359,Shela,Rilston,srilston9y@dropbox.com,Female,Jaguar,S-Type,2006,Goldenrod,2/28/1985,XL
360,Ricky,Lode,rlode9z@amazon.de,Male,Isuzu,Trooper,1997,Pink,11/9/1964,XS
361,Ignaz,Wade,iwadea0@webmd.com,Male,Volkswagen,Passat,2004,Orange,1/11/1968,XS
362,Jacobo,Timewell,jtimewella1@mozilla.org,Male,Volkswagen,Passat,2004,Crimson,7/24/1951,S
363,Angel,Yeo,ayeoa2@squidoo.com,Female,Nissan,Quest,1998,Aquamarine,4/23/1946,2XL
364,Deni,Santarelli,dsantarellia3@a8.net,Female,Ford,Freestar,2005,Turquoise,7/2/1939,L
365,Annabel,McCadden,amccaddena4@amazon.com,Female,Mazda,CX-7,2011,Goldenrod,2/26/1992,2XL
366,Joletta,Clappison,jclappisona5@globo.com,Female,Bentley,Continental GTC,2010,Aquamarine,12/23/1990,S
367,Lari,Josefsohn,ljosefsohna6@smh.com.au,Female,Acura,SLX,1997,Turquoise,7/8/1953,XL
368,Carroll,Gumbrell,cgumbrella7@elpais.com,Male,Pontiac,Firebird,1985,Violet,7/21/1958,3XL
369,Yvor,Pickett,ypicketta8@whitehouse.gov,Male,Dodge,Ram Van B250,1993,Goldenrod,5/27/1977,3XL
370,Lindsy,Wehnerr,lwehnerra9@geocities.jp,Female,Austin,Mini Cooper,1961,Mauv,4/16/1963,XL
371,Rafael,Schleicher,rschleicheraa@rakuten.co.jp,Male,GMC,1500,1994,Red,4/27/1967,L
372,Benny,Steuhlmeyer,bsteuhlmeyerab@independent.co.uk,Male,Mercedes-Benz,E-Class,2010,Goldenrod,12/20/1987,3XL
373,Jocelyn,Jeannard,jjeannardac@google.cn,Female,Nissan,Versa,2012,Blue,3/16/1956,XS
374,Olly,Lorenz,olorenzad@facebook.com,Female,Mercury,Lynx,1987,Mauv,10/18/1996,2XL
375,Pascale,Lothlorien,plothlorienae@usnews.com,Male,Mitsubishi,Mirage,1988,Maroon,9/28/1969,M
376,Olag,Treadgold,otreadgoldaf@un.org,Male,GMC,Rally Wagon 2500,1992,Orange,2/23/1983,XL
377,Diego,Oak,doakag@usda.gov,Male,Mitsubishi,Precis,1986,Turquoise,11/21/1933,XS
378,Marthena,Casely,mcaselyah@bigcartel.com,Female,Nissan,Sentra,1997,Violet,2/13/1971,3XL
379,Dolf,Mullin,dmullinai@intel.com,Male,Mitsubishi,Eclipse,1990,Orange,10/2/1940,2XL
380,Jenifer,Vasic,jvasicaj@youku.com,Female,Chevrolet,Suburban 2500,1999,Red,2/23/1957,3XL
381,Von,Nafziger,vnafzigerak@cdc.gov,Male,Lexus,SC,2002,Pink,3/5/1945,M
382,Aindrea,Elby,aelbyal@bloglovin.com,Female,Honda,Prelude,1986,Red,7/20/1942,L
383,Nita,Ofen,nofenam@dropbox.com,Female,Chevrolet,Corvair 500,1963,Teal,12/8/1988,XL
384,Minny,Lomond,mlomondan@pen.io,Female,Toyota,TundraMax,2009,Pink,9/28/1975,M
385,Mohandas,Harvard,mharvardao@rediff.com,Male,Volkswagen,Passat,1998,Orange,9/15/1935,XL
386,Kort,Heber,kheberap@fda.gov,Male,Porsche,911,1990,Orange,3/31/1963,S
387,Hendrick,Lucus,hlucusaq@t-online.de,Male,Hyundai,Accent,2006,Aquamarine,3/9/1950,XL
388,Loria,Wheble,lwheblear@networksolutions.com,Female,Chevrolet,Express 2500,2001,Red,4/27/1987,XL
389,Eyde,Chavez,echavezas@hubpages.com,Female,Maybach,57,2005,Orange,6/7/1977,M
390,Morgan,Lorenzo,mlorenzoat@bbc.co.uk,Male,Subaru,Justy,1991,Orange,1/7/1996,3XL
391,Charlean,Thiese,cthieseau@theatlantic.com,Female,Chevrolet,Caprice,1983,Pink,7/3/1940,XS
392,Milo,Larchiere,mlarchiereav@booking.com,Male,Mitsubishi,Lancer,2012,Red,4/7/1959,2XL
393,Carol-jean,Rodd,croddaw@jugem.jp,Female,Mazda,Miata MX-5,2009,Maroon,1/17/1975,XL
394,Adelle,Bru,abruax@dailymotion.com,Female,Hyundai,XG350,2005,Turquoise,3/9/1967,2XL
395,Cordelia,McMurty,cmcmurtyay@ihg.com,Female,Chevrolet,Venture,2002,Indigo,7/23/1996,M
396,Lanny,Indge,lindgeaz@dion.ne.jp,Male,Chevrolet,Express 3500,1999,Green,9/14/1980,XL
397,Rainer,Tale,rtaleb0@cafepress.com,Male,Dodge,Ram 1500,2005,Orange,9/16/1942,M
398,Weber,McEvilly,wmcevillyb1@etsy.com,Male,Mazda,RX-7,1991,Blue,9/16/1968,S
399,Gherardo,Menis,gmenisb2@reverbnation.com,Male,Honda,Accord,1995,Blue,7/26/1992,3XL
400,Brent,Van Rembrandt,bvanrembrandtb3@github.com,Male,Mitsubishi,Galant,1992,Goldenrod,9/20/1954,L
401,Sloan,Audry,saudryb4@cdc.gov,Male,Plymouth,Sundance,1993,Teal,2/14/1970,2XL
402,Margaux,Bordiss,mbordissb5@phpbb.com,Female,Kia,Sportage,2005,Puce,4/24/1988,S
403,Sally,Josefowicz,sjosefowiczb6@ftc.gov,Female,Honda,CR-V,2002,Puce,5/18/1936,S
404,Wynn,Olin,wolinb7@altervista.org,Male,Jeep,Compass,2009,Orange,3/15/1973,L
405,Marcia,Janaud,mjanaudb8@altervista.org,Female,Audi,TT,2008,Mauv,4/18/1934,XL
406,Gun,Guinnane,gguinnaneb9@php.net,Male,BMW,530,2006,Khaki,10/25/1967,S
407,Jilleen,Margram,jmargramba@eventbrite.com,Female,Chevrolet,TrailBlazer,2006,Pink,7/23/1967,XS
408,Norbert,Stroder,nstroderbb@g.co,Male,Lincoln,Continental Mark VII,1990,Green,10/22/1952,XS
409,Nita,Stapforth,nstapforthbc@sakura.ne.jp,Female,Hyundai,Veracruz,2012,Puce,2/5/1970,3XL
410,Genia,Hardes,ghardesbd@wiley.com,Female,GMC,Sierra 2500,2009,Teal,11/23/1981,S
411,Abel,Postance,apostancebe@123-reg.co.uk,Male,Lexus,LS,2010,Puce,12/13/1943,3XL
412,Felice,Stockle,fstocklebf@chicagotribune.com,Male,GMC,Sonoma,2000,Maroon,5/11/1950,XS
413,Costa,Crimin,ccriminbg@ox.ac.uk,Male,Infiniti,EX,2011,Violet,1/7/1945,L
414,Arlen,Dunkinson,adunkinsonbh@csmonitor.com,Female,Mercury,Mystique,1996,Crimson,9/12/1949,2XL
415,Carolee,Keeri,ckeeribi@csmonitor.com,Female,Chevrolet,Cavalier,2004,Aquamarine,8/9/1940,2XL
416,Sondra,Russo,srussobj@cocolog-nifty.com,Female,Isuzu,Rodeo,1993,Maroon,6/8/1951,3XL
417,Darcee,Godier,dgodierbk@yellowbook.com,Female,Lexus,SC,2006,Yellow,12/8/1950,XS
418,Carolyn,Wimes,cwimesbl@xrea.com,Female,Volkswagen,Passat,2005,Maroon,2/25/1999,S
419,Brunhilda,Sappson,bsappsonbm@last.fm,Female,Land Rover,Range Rover,2007,Turquoise,1/4/1934,3XL
420,Kendricks,Gennerich,kgennerichbn@wikia.com,Male,Acura,NSX,2002,Aquamarine,11/4/1997,L
421,Phillie,Thew,pthewbo@jigsy.com,Female,Mazda,Navajo,1993,Aquamarine,12/9/1981,L
422,Wainwright,Roantree,wroantreebp@oaic.gov.au,Male,Honda,Passport,2002,Fuscia,5/27/1999,S
423,Lenore,Blamires,lblamiresbq@globo.com,Female,Mazda,Miata MX-5,2002,Indigo,6/3/1957,XS
424,Simonne,MacClure,smacclurebr@sogou.com,Female,Lincoln,Town Car,2004,Purple,11/26/1975,L
425,Avie,Fechnie,afechniebs@omniture.com,Female,Lexus,LX,2011,Khaki,9/29/1991,XL
426,Farah,Ghidoni,fghidonibt@nps.gov,Female,Mazda,GLC,1984,Blue,12/30/1992,2XL
427,Rodd,Galiford,rgalifordbu@posterous.com,Male,CitroÃ«n,2CV,1948,Aquamarine,4/4/1942,2XL
428,Sammie,Cazereau,scazereaubv@bandcamp.com,Male,Dodge,Durango,2002,Goldenrod,1/19/1988,XL
429,Tanitansy,Cuxson,tcuxsonbw@icio.us,Female,Acura,MDX,2001,Teal,6/13/1938,3XL
430,Cornell,Halfpenny,chalfpennybx@dailymail.co.uk,Male,Honda,Civic GX,2003,Fuscia,11/11/1991,L
431,Grady,Ascroft,gascroftby@oracle.com,Male,Lincoln,Town Car,2009,Mauv,3/17/1946,L
432,Hilarius,Benbrick,hbenbrickbz@dailymotion.com,Male,Porsche,Carrera GT,2004,Maroon,5/5/1993,3XL
433,Terence,Camm,tcammc0@ucoz.com,Male,GMC,Vandura 1500,1993,Aquamarine,6/4/1950,3XL
434,Bridgette,Blesing,bblesingc1@berkeley.edu,Female,Jeep,Cherokee,1992,Purple,6/12/1993,XL
435,Homer,Kaemena,hkaemenac2@facebook.com,Male,Acura,RDX,2009,Teal,1/14/1951,2XL
436,Mehetabel,Chaim,mchaimc3@people.com.cn,Female,Ford,F-Series,1992,Puce,7/15/1951,3XL
437,Kirstin,Frankiss,kfrankissc4@behance.net,Female,Infiniti,G,1995,Red,6/13/1969,M
438,Harriot,Connikie,hconnikiec5@w3.org,Female,Infiniti,G35,2008,Teal,11/20/1999,L
439,Shae,Body,sbodyc6@pcworld.com,Female,Chevrolet,Malibu,2007,Pink,12/30/1995,XS
440,Morrie,Rajchert,mrajchertc7@thetimes.co.uk,Male,Mazda,CX-9,2008,Blue,3/7/1939,XS
441,Betta,Murtell,bmurtellc8@networksolutions.com,Female,Plymouth,Voyager,1994,Goldenrod,10/13/1938,L
442,Reidar,Whawell,rwhawellc9@sitemeter.com,Male,Dodge,Avenger,2010,Aquamarine,9/13/1949,M
443,Rey,Cradduck,rcradduckca@unblog.fr,Male,Ford,Econoline E250,1997,Puce,5/17/1994,S
444,Silvie,Pallent,spallentcb@fc2.com,Female,GMC,Vandura 1500,1993,Pink,10/27/1974,XS
445,Dalis,Stubbings,dstubbingscc@feedburner.com,Male,Volkswagen,Phaeton,2005,Blue,5/27/1935,XS
446,Brittani,Paolinelli,bpaolinellicd@macromedia.com,Female,Suzuki,Esteem,1997,Red,12/13/1979,L
447,Butch,Dorkin,bdorkince@g.co,Male,Nissan,Armada,2008,Turquoise,11/25/1964,3XL
448,Erma,Franchyonok,efranchyonokcf@livejournal.com,Female,Ford,F-Series Super Duty,2011,Puce,11/8/1964,2XL
449,Adriana,Dust,adustcg@home.pl,Female,Mazda,,,,,
450,Del,Coveny,dcovenych@cdbaby.com,Male,Chevrolet,Caprice Classic,1995,Pink,3/9/1986,XS
451,Nikolia,Wimlett,nwimlettci@tumblr.com,Female,Hummer,H1,1994,Goldenrod,9/27/1937,S
452,Griff,Habeshaw,ghabeshawcj@surveymonkey.com,Male,Acura,ZDX,2011,Crimson,6/25/1973,XS
453,Barbe,Gundry,bgundryck@1und1.de,Female,Chevrolet,Corvette,1972,Mauv,11/14/1971,L
454,Trip,Rippingale,trippingalecl@hubpages.com,Male,Chevrolet,Silverado 1500,2011,Fuscia,11/6/1986,S
455,Zonnya,Maron,zmaroncm@wordpress.org,Female,Subaru,Outback Sport,2002,Yellow,10/29/1957,L
456,Carolynn,Dungate,cdungatecn@opera.com,Female,Ford,Explorer,1998,Teal,8/22/1968,XS
457,Jacki,Lukash,jlukashco@phoca.cz,Female,Chevrolet,Malibu,2007,Maroon,6/25/1942,3XL
458,Chen,Seaman,cseamancp@privacy.gov.au,Male,Toyota,T100 Xtra,1997,Teal,5/11/1949,S
459,Zuzana,D'Almeida,zdalmeidacq@google.de,Female,Dodge,Avenger,1995,Blue,8/31/1955,L
460,Isabel,Utley,iutleycr@go.com,Female,Acura,CL,2003,Crimson,7/7/1974,2XL
461,Marylinda,Swaby,mswabycs@amazon.de,Female,Aston Martin,DB9,2005,Aquamarine,10/6/1940,L
462,Kizzie,Forestel,kforestelct@nih.gov,Female,Geo,,,,,
463,Bale,Foxon,bfoxoncu@theguardian.com,Male,MINI,Clubman,2010,Aquamarine,4/2/1981,XS
464,Ken,Cayzer,kcayzercv@qq.com,Male,GMC,Yukon XL 2500,2012,Aquamarine,3/3/1995,S
465,Moishe,Rees,mreescw@pen.io,Male,Chrysler,300C,2005,Green,2/25/1992,2XL
466,Benjamen,Sissland,bsisslandcx@wikimedia.org,Male,Pontiac,Firefly,1992,Violet,5/31/1963,S
467,Mariejeanne,Earengey,mearengeycy@de.vu,Female,Honda,Prelude,1998,Yellow,12/8/1969,3XL
468,Davidson,Maffey,dmaffeycz@samsung.com,Male,Isuzu,Rodeo,1996,Purple,7/15/1984,3XL
469,Dorella,Mitrikhin,dmitrikhind0@com.com,Female,Mitsubishi,Outlander,2005,Aquamarine,10/7/1968,2XL
470,Steward,Fryer,sfryerd1@mayoclinic.com,Male,Oldsmobile,Bravada,1994,Yellow,5/19/1986,S
471,Harwell,MacNamee,hmacnameed2@apache.org,Male,Mitsubishi,Montero,2004,Orange,2/22/1980,XL
472,Maurita,Maskelyne,mmaskelyned3@a8.net,Female,Hyundai,Azera,2008,Fuscia,11/29/1963,2XL
473,Constantina,Moodey,cmoodeyd4@surveymonkey.com,Female,Pontiac,Grand Prix,2001,Red,9/25/1993,S
474,Frederik,Kenney,fkenneyd5@technorati.com,Male,Jeep,Liberty,2011,Orange,9/2/1961,XL
475,Giselle,Joddins,gjoddinsd6@google.ca,Female,Daewoo,Nubira,2002,Orange,6/2/1978,3XL
476,Granthem,Skamal,gskamald7@vk.com,Male,Dodge,Journey,2011,Pink,10/20/1957,2XL
477,Holmes,Keuntje,hkeuntjed8@gizmodo.com,Male,Ford,F250,1999,Green,10/28/1982,M
478,Gwyneth,Humphrys,ghumphrysd9@flavors.me,Female,Lexus,SC,2000,Indigo,1/2/1954,XS
479,Cynthia,Beedie,cbeedieda@addtoany.com,Female,Mazda,MX-6,1988,Puce,8/8/1979,M
480,Kareem,Allewell,kallewelldb@yellowbook.com,Male,Mercedes-Benz,W126,1983,Turquoise,2/27/1936,M
481,Aili,Combe,acombedc@dyndns.org,Female,Mercedes-Benz,GL-Class,2010,Mauv,9/1/1971,XL
482,Perla,Mayou,pmayoudd@ameblo.jp,Female,GMC,Sierra 2500,2004,Turquoise,1/23/1992,M
483,Hayward,Edridge,hedridgede@theguardian.com,Male,Mercedes-Benz,CL-Class,2002,Turquoise,4/30/1961,M
484,Lea,Erskin,lerskindf@cdbaby.com,Female,Chrysler,PT Cruiser,2005,Maroon,1/4/1943,M
485,Duff,Bonfield,dbonfielddg@soundcloud.com,Male,Hyundai,Elantra,1999,Indigo,9/11/1975,3XL
486,Paulina,Havile,phaviledh@army.mil,Female,Ford,Mustang,2004,Indigo,9/5/1957,M
487,Mayor,Trail,mtraildi@quantcast.com,Male,Mercury,Mystique,2000,Green,4/20/1980,3XL
488,Shelby,Lilburn,slilburndj@springer.com,Male,GMC,Yukon XL 1500,2001,Green,11/2/1951,3XL
489,Odie,Chewter,ochewterdk@tuttocitta.it,Male,Buick,LeSabre,1987,Orange,1/12/1937,XL
490,Krystyna,Stanworth,kstanworthdl@hostgator.com,Female,Porsche,911,2003,Indigo,3/4/1982,XL
491,Odie,Sciacovelli,osciacovellidm@live.com,Male,Audi,A4,2010,Red,3/13/1946,2XL
492,Ludwig,Eadmead,leadmeaddn@yellowpages.com,Male,Porsche,911,1998,Mauv,12/16/1961,2XL
493,Levy,Melanaphy,lmelanaphydo@nydailynews.com,Male,Honda,Accord,1983,Fuscia,9/11/1994,M
494,Mason,Falkinder,mfalkinderdp@bravesites.com,Male,Cadillac,SRX,2005,Fuscia,6/6/1974,2XL
495,Kev,Lusted,klusteddq@opensource.org,Male,Dodge,Ram 1500 Club,1998,Green,12/12/1973,S
496,Alasteir,McNalley,amcnalleydr@liveinternet.ru,Male,Maserati,GranTurismo,2009,Fuscia,2/13/1966,XL
497,Coriss,Faire,cfaireds@ibm.com,Female,Lexus,GX,2005,Purple,2/10/1988,XS
498,Gaven,Jeffcoate,gjeffcoatedt@free.fr,Male,BMW,3 Series,2009,Puce,3/4/1958,XL
499,Frances,Jurries,fjurriesdu@hibu.com,Female,Chevrolet,Express,2007,Blue,8/24/1995,2XL
500,Cary,Back,cbackdv@wufoo.com,Female,Mercedes-Benz,CL-Class,2011,Maroon,3/17/1991,M
501,Fran,Lorens,florensdw@wired.com,Male,GMC,3500 Club Coupe,1993,Khaki,3/18/1991,XL
502,Lotty,Christophle,lchristophledx@wufoo.com,Female,BMW,X5,2003,Indigo,2/25/1956,XL
503,Teodorico,Cockshoot,tcockshootdy@acquirethisname.com,Male,Audi,S4,2008,Turquoise,3/31/1987,3XL
504,Windham,Cunradi,wcunradidz@sitemeter.com,Male,Mercedes-Benz,300SE,1993,Pink,8/5/1992,M
505,Phineas,Januszewicz,pjanuszewicze0@desdev.cn,Male,Honda,Accord Crosstour,2011,Maroon,11/20/1950,M
506,Mag,Philips,mphilipse1@indiatimes.com,Female,Toyota,Sienna,2012,Purple,11/13/1959,M
507,Brandy,Burgett,bburgette2@istockphoto.com,Female,Jeep,Grand Cherokee,2012,Red,5/28/1996,3XL
508,Hermy,Sacco,hsaccoe3@t.co,Male,Porsche,944,1986,Purple,4/6/1992,M
509,Kristoforo,Overnell,kovernelle4@telegraph.co.uk,Male,MINI,Cooper Clubman,2010,Aquamarine,6/16/1997,3XL
510,Orville,Brereton,obreretone5@yandex.ru,Male,Honda,Element,2004,Purple,4/25/1977,XL
511,Vale,Ditt,vditte6@slate.com,Male,Saturn,Sky,2008,Crimson,7/9/1992,3XL
512,Monro,Duke,mdukee7@zdnet.com,Male,Chevrolet,Malibu,1999,Teal,12/11/1970,L
513,Lauritz,Leates,lleatese8@dedecms.com,Male,Chevrolet,Astro,1999,Teal,11/9/1981,2XL
514,Janifer,Leroy,jleroye9@japanpost.jp,Female,Toyota,Sequoia,2011,Khaki,12/18/1946,M
515,Marty,Braznell,mbraznellea@multiply.com,Female,Infiniti,,,,,
516,Neron,Millom,nmillomeb@histats.com,Male,Chevrolet,Uplander,2007,Green,8/24/1957,L
517,Vincenz,Thumann,vthumannec@squidoo.com,Male,Dodge,Challenger,2008,Yellow,11/21/1995,S
518,Griz,Tofanini,gtofaninied@odnoklassniki.ru,Male,Acura,TL,2007,Red,12/23/1949,S
519,Berkeley,Kernes,bkernesee@seattletimes.com,Male,Pontiac,Grand Prix,1978,Mauv,2/28/1950,XL
520,Asia,Delaprelle,adelaprelleef@163.com,Female,Plymouth,Acclaim,1994,Crimson,7/26/1938,2XL
521,Ted,Spruce,tspruceeg@people.com.cn,Male,Honda,Element,2010,Yellow,11/8/1974,S
522,Lauryn,Harvett,lharvetteh@zdnet.com,Female,BMW,760,2004,Turquoise,11/19/1973,3XL
523,Lara,Fearnsides,lfearnsidesei@over-blog.com,Female,Mercury,Lynx,1987,Mauv,2/9/1993,M
524,Lucio,Mallison,lmallisonej@umn.edu,Male,Lexus,ES,2005,Aquamarine,6/8/1996,2XL
525,Gerard,Jodrellec,gjodrellecek@seesaa.net,Male,Mercury,Grand Marquis,2008,Purple,4/18/1998,M
526,Jacqui,Cherrett,jcherrettel@slideshare.net,Female,Volkswagen,Cabriolet,1999,Puce,5/20/1936,XS
527,Meade,Dimitriou,mdimitriouem@indiatimes.com,Male,Mercury,Mountaineer,1998,Blue,2/25/1960,XL
528,Basia,Snelman,bsnelmanen@simplemachines.org,Female,Honda,Accord,2010,Teal,8/14/1939,3XL
529,Edik,Siggee,esiggeeeo@prweb.com,Male,Mercedes-Benz,CLS-Class,2008,Puce,3/2/1950,3XL
530,Sadye,Mapes,smapesep@archive.org,Female,Chevrolet,Cavalier,1999,Crimson,9/6/1990,3XL
531,Enid,Van der Krui,evanderkruieq@berkeley.edu,Female,Mazda,RX-7,1990,Blue,11/12/1944,S
532,Ganny,Bicknell,gbickneller@uiuc.edu,Male,Subaru,Impreza,2002,Puce,2/28/1978,S
533,Aubrey,Camier,acamieres@github.com,Female,Dodge,Ram Van 1500,2002,Fuscia,8/9/1984,L
534,Steffi,Elie,selieet@msn.com,Female,Infiniti,I,2000,Maroon,8/11/1970,3XL
535,Rufus,MacCall,rmaccalleu@boston.com,Male,Pontiac,Bonneville,1995,Crimson,6/21/1944,3XL
536,Jerrie,Teresa,jteresaev@reuters.com,Male,Toyota,Sienna,2005,Blue,5/22/1940,S
537,Lancelot,Heimes,lheimesew@flickr.com,Male,Dodge,Viper,1993,Aquamarine,11/7/1942,S
538,Channa,Crayk,ccraykex@nsw.gov.au,Female,GMC,Sonoma Club Coupe,1997,Mauv,12/11/1960,S
539,Tomlin,Allard,tallardey@i2i.jp,Male,Chevrolet,APV,1992,Purple,9/4/1971,S
540,Leyla,Lacroux,llacrouxez@japanpost.jp,Female,GMC,,,,,
541,Camel,Wiggam,cwiggamf0@ihg.com,Female,Chrysler,PT Cruiser,2008,Pink,6/4/1981,L
542,Cora,Tommeo,ctommeof1@simplemachines.org,Female,Toyota,Echo,2004,Fuscia,7/31/1973,XS
543,Ives,Karlicek,ikarlicekf2@salon.com,Male,Volkswagen,Cabriolet,2002,Crimson,8/11/1986,XL
544,Miriam,Banat,mbanatf3@ucoz.ru,Female,Infiniti,I,2003,Violet,9/4/1963,3XL
545,Dewey,Westrey,dwestreyf4@nifty.com,Male,Infiniti,QX,1997,Violet,9/6/1964,M
546,Gerri,Daily,gdailyf5@geocities.com,Male,Buick,Park Avenue,1997,Purple,11/26/1967,XL
547,Clayton,Tythe,ctythef6@aol.com,Male,Toyota,Tundra,2005,Purple,6/4/1985,L
548,Joellyn,Farrey,jfarreyf7@huffingtonpost.com,Female,BMW,M3,2010,Teal,11/7/1958,M
549,Avictor,Fleury,afleuryf8@wiley.com,Male,Pontiac,Vibe,2006,Mauv,7/25/1969,S
550,Janella,Malan,jmalanf9@amazon.co.uk,Female,Mercury,Sable,1997,Purple,6/18/1987,M
551,Mirna,Muglestone,mmuglestonefa@un.org,Female,Cadillac,Catera,1999,Crimson,10/20/1996,2XL
552,Marie,Fernez,mfernezfb@xrea.com,Female,Jeep,Cherokee,2000,Green,5/6/1991,2XL
553,Lodovico,Farey,lfareyfc@usnews.com,Male,Acura,TL,2001,Orange,12/19/1933,S
554,Helli,Beeho,hbeehofd@icq.com,Female,Lincoln,Town Car,1988,Teal,2/17/1957,S
555,Jordan,Sarah,jsarahfe@bbc.co.uk,Female,Volkswagen,Rabbit,2008,Goldenrod,5/14/1997,S
556,Rudie,Kunrad,rkunradff@aboutads.info,Male,Mercedes-Benz,C-Class,2007,Turquoise,2/16/1937,XS
557,Webb,Panketh,wpankethfg@comsenz.com,Male,Jeep,Patriot,2009,Yellow,7/9/1989,3XL
558,Edgard,Stollard,estollardfh@seesaa.net,Male,Ford,E150,2010,Maroon,10/29/1955,XL
559,Novelia,Recher,nrecherfi@mapy.cz,Female,Chevrolet,Malibu,2001,Pink,6/28/1972,XL
560,Tanner,Sweetlove,tsweetlovefj@rediff.com,Male,Hyundai,Veracruz,2007,Aquamarine,3/2/1940,2XL
561,Estrellita,Melbourne,emelbournefk@bizjournals.com,Female,Ford,Galaxie,1964,Teal,11/25/1983,L
562,Doug,Dinzey,ddinzeyfl@linkedin.com,Male,Chevrolet,Impala,2002,Goldenrod,9/6/1995,M
563,Aridatha,Yitzowitz,ayitzowitzfm@bandcamp.com,Female,Toyota,Xtra,1995,Aquamarine,1/25/1983,S
564,Lothaire,Meace,lmeacefn@utexas.edu,Male,Infiniti,G37,2008,Orange,10/27/1945,M
565,Merry,Drepp,mdreppfo@slashdot.org,Male,Mercury,Tracer,1994,Crimson,7/16/1966,M
566,Gradeigh,Calley,gcalleyfp@ucsd.edu,Male,Dodge,Ram 3500,2005,Indigo,3/30/1946,XS
567,Zacharie,Desseine,zdesseinefq@youku.com,Male,Subaru,Forester,2007,Pink,6/2/1979,L
568,Christye,Littell,clittellfr@diigo.com,Female,Volkswagen,Phaeton,2005,Crimson,6/30/1937,L
569,Elsinore,Colbeck,ecolbeckfs@exblog.jp,Female,Pontiac,Trans Sport,1997,Khaki,12/29/1979,L
570,Cleavland,Dance,cdanceft@harvard.edu,Male,Volvo,S70,2000,Yellow,7/1/1981,L
571,Ted,Darell,tdarellfu@twitpic.com,Female,Mitsubishi,Pajero,1992,Green,11/30/1989,3XL
572,Marjie,Flook,mflookfv@amazon.co.uk,Female,Hyundai,Genesis,2010,Fuscia,11/29/1952,S
573,Jarid,Davsley,jdavsleyfw@google.com.au,Male,Mitsubishi,Montero Sport,2002,Indigo,2/9/1939,S
574,Kevyn,Brice,kbricefx@smugmug.com,Female,Land Rover,Freelander,2010,Yellow,7/22/1936,2XL
575,Ricard,Jellico,rjellicofy@hc360.com,Male,Isuzu,Stylus,1993,Indigo,10/22/1961,XS
576,Kirby,Cohan,kcohanfz@oracle.com,Male,Chevrolet,,,,,
577,Marion,Jackett,mjackettg0@sbwire.com,Female,Subaru,XT,1988,Maroon,2/22/1972,3XL
578,Adan,Saladine,asaladineg1@phoca.cz,Male,Ford,,,,,
579,Fitz,Mattecot,fmattecotg2@si.edu,Male,Audi,100,1992,Indigo,2/23/1955,2XL
580,Susanna,Dombrell,sdombrellg3@cpanel.net,Female,Mitsubishi,,,,,
581,Star,Manilow,smanilowg4@tumblr.com,Female,Dodge,,,,,
582,Adolf,Rashleigh,arashleighg5@chron.com,Male,Chevrolet,S10 Blazer,1993,Teal,1/24/1966,2XL
583,Margareta,Gotcher,mgotcherg6@instagram.com,Female,Infiniti,EX,2008,Khaki,1/15/1994,2XL
584,Carmencita,Zambon,czambong7@vinaora.com,Female,Pontiac,Aztek,2005,Maroon,4/28/1994,S
585,Phyllis,De Ruggiero,pderuggierog8@youku.com,Female,Volvo,C70,2002,Khaki,11/3/1965,S
586,Randall,Leatherbarrow,rleatherbarrowg9@indiegogo.com,Male,Lincoln,Continental,1984,Fuscia,8/25/1978,2XL
587,Sande,Wolvey,swolveyga@kickstarter.com,Female,Chevrolet,Corvette,1989,Maroon,4/21/1991,2XL
588,Symon,Kernan,skernangb@yahoo.co.jp,Male,Dodge,Dakota Club,1997,Blue,11/16/1946,M
589,Joe,Foulis,jfoulisgc@multiply.com,Male,Jeep,Liberty,2005,Pink,1/20/1952,L
590,Quintana,Sotham,qsothamgd@php.net,Female,Honda,Passport,1999,Mauv,8/17/1936,XS
591,Athena,Daice,adaicege@mapquest.com,Female,Jeep,Cherokee,1992,Fuscia,1/25/1983,2XL
592,Briney,Meharg,bmeharggf@ezinearticles.com,Female,Nissan,Pathfinder,1993,Khaki,2/13/1964,M
593,Kailey,Leggitt,kleggittgg@businessweek.com,Female,Mazda,Protege,2002,Turquoise,2/18/1942,XS
594,Doralyn,Knok,dknokgh@accuweather.com,Female,Toyota,,,,,
595,Bertrand,McIlheran,bmcilherangi@goodreads.com,Male,Ford,Crown Victoria,2004,Puce,11/26/1975,3XL
596,Johan,Rizon,jrizongj@mapy.cz,Male,Porsche,Boxster,2004,Yellow,9/4/1951,L
597,Konrad,Bockmann,kbockmanngk@sphinn.com,Male,GMC,Savana 3500,2009,Pink,1/22/1988,3XL
598,Arlyn,Filewood,afilewoodgl@nsw.gov.au,Female,Dodge,Ram 2500,2006,Aquamarine,10/24/1960,2XL
599,Paxon,Ludye,pludyegm@nature.com,Male,Mercury,Sable,2003,Green,7/19/1993,3XL
600,Yevette,Tigner,ytignergn@ezinearticles.com,Female,Lincoln,Continental,1993,Aquamarine,8/29/1977,XL
601,Homerus,Kienl,hkienlgo@nsw.gov.au,Male,Jeep,Cherokee,1998,Orange,2/12/1954,XL
602,Stacy,Harte,shartegp@usatoday.com,Male,GMC,Envoy,2009,Green,2/19/1965,XS
603,Corby,Ferreri,cferrerigq@t.co,Male,Acura,NSX,2002,Teal,4/14/1981,2XL
604,Kayla,Mathew,kmathewgr@ustream.tv,Female,Dodge,Nitro,2007,Orange,7/6/1993,XS
605,Jase,Hicken,jhickengs@seattletimes.com,Male,Isuzu,Space,1993,Green,7/26/1983,3XL
606,Timmy,Brooks,tbrooksgt@etsy.com,Female,Oldsmobile,98,1992,Fuscia,11/24/1970,3XL
607,Morris,Giraths,mgirathsgu@spotify.com,Male,Ford,Econoline E350,1992,Turquoise,6/13/1995,XS
608,Nolly,Sterte,nstertegv@yellowpages.com,Male,Mitsubishi,Pajero,2001,Orange,6/6/1961,S
609,Arthur,Hindes,ahindesgw@wired.com,Male,Jeep,Cherokee,1994,Yellow,11/9/1990,2XL
610,Adrianne,McDavid,amcdavidgx@archive.org,Female,Dodge,Intrepid,1997,Yellow,1/24/1973,XS
611,Albie,Surtees,asurteesgy@soup.io,Male,BMW,3 Series,1998,Orange,12/7/1994,S
612,Libbie,Willder,lwilldergz@g.co,Female,Nissan,Stanza,1992,Violet,2/15/1989,XS
613,Patricio,McDowall,pmcdowallh0@studiopress.com,Male,Chevrolet,Cavalier,2001,Yellow,12/24/1973,M
614,Angelia,Suttaby,asuttabyh1@toplist.cz,Female,GMC,1500,1993,Yellow,8/18/1968,XS
615,Janot,Lanaway,jlanawayh2@technorati.com,Female,Lexus,SC,2003,Mauv,5/24/1961,M
616,Haslett,Brend,hbrendh3@nytimes.com,Male,Volkswagen,Jetta,2001,Pink,11/14/1957,XS
617,Alasdair,Bloom,abloomh4@i2i.jp,Male,GMC,1500 Club Coupe,1995,Pink,6/1/1998,XL
618,Laurette,Moule,lmouleh5@jugem.jp,Female,Lincoln,Navigator,2011,Green,4/14/1987,M
619,Kalli,Buie,kbuieh6@utexas.edu,Female,Chevrolet,Avalanche 2500,2006,Orange,9/27/1940,M
620,Rudiger,Rubartelli,rrubartellih7@fc2.com,Male,GMC,3500,1994,Blue,11/18/1984,XL
621,Analiese,Labroue,alabroueh8@mac.com,Female,Acura,NSX,1998,Puce,1/12/1934,M
622,Randie,Hubbucke,rhubbuckeh9@elpais.com,Female,Volvo,XC90,2008,Mauv,7/2/1956,3XL
623,Sebastien,Kinnerk,skinnerkha@rambler.ru,Male,Maserati,Karif,1989,Goldenrod,6/17/1998,XS
624,Levy,Sanders,lsandershb@amazon.de,Male,Hyundai,,,,,
625,Jeannine,Poundsford,jpoundsfordhc@ebay.co.uk,Female,Chevrolet,Express 1500,2008,Mauv,10/16/1991,M
626,Abbi,McKimmey,amckimmeyhd@howstuffworks.com,Female,Bentley,,,,,
627,Quentin,Alloisi,qalloisihe@samsung.com,Female,Chrysler,300,1999,Turquoise,11/7/1979,L
628,Alexei,Preator,apreatorhf@wordpress.org,Male,Ford,Explorer,2000,Puce,9/7/1962,S
629,Anastassia,Bacup,abacuphg@oaic.gov.au,Female,Mercedes-Benz,SLK-Class,2012,Pink,12/23/1971,XS
630,Tilda,Billison,tbillisonhh@surveymonkey.com,Female,Toyota,Prius v,2012,Teal,8/30/1959,M
631,Ailis,Le Fleming,alefleminghi@state.gov,Female,Chevrolet,Metro,2000,Fuscia,12/4/1983,2XL
632,Suzanne,Aphale,saphalehj@barnesandnoble.com,Female,Morgan,Aero 8,2006,Puce,4/25/1960,M
633,Dominga,Rubi,drubihk@netvibes.com,Female,Audi,S4,2005,Goldenrod,2/17/1991,S
634,Dyanne,Gifkins,dgifkinshl@sogou.com,Female,BMW,3 Series,1998,Goldenrod,10/25/1945,M
635,Byran,Fenty,bfentyhm@mail.ru,Male,Ford,Ranger,1990,Turquoise,2/19/1989,S
636,Massimiliano,Andrat,mandrathn@bbb.org,Male,Jaguar,XK Series,1997,Teal,10/18/1990,XS
637,Haven,Waddington,hwaddingtonho@yolasite.com,Male,Ford,Taurus,1992,Aquamarine,7/1/1956,XS
638,Marleah,Yockley,myockleyhp@ucsd.edu,Female,Buick,LeSabre,1998,Green,1/10/1956,M
639,Nicolle,Fieller,nfiellerhq@spotify.com,Female,Chevrolet,Caprice,1983,Orange,4/8/1955,M
640,Erina,Buy,ebuyhr@cbsnews.com,Female,MINI,Countryman,2011,Fuscia,6/28/1961,3XL
641,Hedvige,Wicklen,hwicklenhs@salon.com,Female,Lexus,ES,1996,Teal,10/27/1948,L
642,Nevin,Pennigar,npennigarht@sohu.com,Male,Chevrolet,2500,1996,Violet,8/26/1959,3XL
643,Merilyn,Worrill,mworrillhu@hp.com,Female,Toyota,FJ Cruiser,2010,Purple,8/7/1946,L
644,Vale,Uren,vurenhv@xinhuanet.com,Male,Suzuki,Swift,1997,Fuscia,4/22/1961,S
645,Clemmy,Lankford,clankfordhw@icq.com,Male,Plymouth,Grand Voyager,1999,Yellow,11/26/1939,XS
646,Teddie,Tink,ttinkhx@wired.com,Male,Chrysler,Imperial,1992,Violet,6/17/1947,XL
647,Adrian,Canellas,acanellashy@gizmodo.com,Male,Ford,,,,,
648,Gabriele,Tofful,gtoffulhz@furl.net,Male,Chevrolet,1500,1997,Khaki,10/8/1990,S
649,Donny,Asbrey,dasbreyi0@wix.com,Female,Mitsubishi,Galant,1986,Crimson,2/8/1985,M
650,Chadd,Kopp,ckoppi1@nymag.com,Male,Infiniti,QX,1998,Crimson,12/23/1969,2XL
651,Hamish,Lestrange,hlestrangei2@over-blog.com,Male,Mazda,Protege5,2003,Pink,11/19/1948,M
652,Abbe,Golda,agoldai3@bandcamp.com,Female,Toyota,Camry,1996,Maroon,9/13/1990,3XL
653,Madlen,Piatek,mpiateki4@psu.edu,Female,Dodge,Neon,2001,Purple,12/1/1945,2XL
654,Hadley,Hassard,hhassardi5@naver.com,Male,Pontiac,Bonneville,1989,Puce,1/10/1968,XS
655,Hilarius,Dearle-Palser,hdearlepalseri6@scribd.com,Male,Volkswagen,Jetta,1994,Turquoise,12/14/1987,3XL
656,Efren,Corser,ecorseri7@businessweek.com,Male,Ford,Explorer,2009,Pink,12/19/1999,2XL
657,Alison,Mordon,amordoni8@examiner.com,Female,Mercury,Grand Marquis,2005,Crimson,12/13/1999,XS
658,Gradey,Benting,gbentingi9@shutterfly.com,Male,Honda,Civic,1995,Crimson,8/3/1978,L
659,Delilah,Petrik,dpetrikia@nydailynews.com,Female,Oldsmobile,Intrigue,2002,Mauv,9/13/1971,XL
660,Datha,Abrahim,dabrahimib@w3.org,Female,Chevrolet,Silverado,2009,Indigo,11/10/1973,XL
661,Myer,Fullerton,mfullertonic@rediff.com,Male,Cadillac,Escalade EXT,2008,Crimson,12/8/1983,M
662,Noam,Belford,nbelfordid@va.gov,Male,Buick,Rendezvous,2002,Maroon,5/15/1954,2XL
663,Cristen,Webberley,cwebberleyie@cornell.edu,Female,Dodge,Viper RT/10,1993,Maroon,10/2/1998,2XL
664,Jackelyn,Ivancevic,jivancevicif@comsenz.com,Female,Chevrolet,Suburban,2011,Violet,11/27/1996,XS
665,Horatia,Sherred,hsherredig@virginia.edu,Female,BMW,M3,2012,Pink,5/30/1989,XL
666,Maurine,Orthmann,morthmannih@independent.co.uk,Female,Ford,Escort,1994,Fuscia,5/28/1950,S
667,Harlie,Loggie,hloggieii@epa.gov,Female,Toyota,Camry,2005,Yellow,3/24/1971,L
668,Vivyan,Ragbourne,vragbourneij@tinypic.com,Female,Mitsubishi,Diamante,2005,Violet,6/10/1958,2XL
669,Rudie,Sloper,rsloperik@github.io,Male,Chevrolet,Colorado,2005,Puce,10/18/1986,L
670,Stefano,Layland,slaylandil@scientificamerican.com,Male,Jaguar,XJ,2009,Orange,2/8/1959,XL
671,Gaile,Yorkston,gyorkstonim@spotify.com,Male,Pontiac,Firebird,2000,Red,2/24/1997,XL
672,Pam,Veysey,pveyseyin@gizmodo.com,Female,GMC,Sonoma Club Coupe,1994,Teal,10/14/1956,M
673,Nikolaos,Gullam,ngullamio@woothemes.com,Male,Ford,Fairlane,1966,Khaki,3/4/1963,XS
674,Harmony,Krammer,hkrammerip@myspace.com,Female,Mazda,Miata MX-5,2008,Khaki,5/4/1996,2XL
675,Gwenora,Grieger,ggriegeriq@mac.com,Female,Mitsubishi,Lancer,2010,Khaki,1/22/1944,M
676,Munmro,Gartside,mgartsideir@tmall.com,Male,Hummer,H1,1999,Blue,6/30/1938,L
677,Vania,Mallord,vmallordis@ox.ac.uk,Female,Acura,SLX,1998,Maroon,3/22/1958,L
678,Hedi,Jirka,hjirkait@themeforest.net,Female,Maserati,Coupe,2005,Purple,1/18/1986,2XL
679,Maxie,Kluss,mklussiu@ucoz.com,Male,Infiniti,G,1992,Teal,8/11/1970,M
680,Thorstein,Wilkes,twilkesiv@webnode.com,Male,Ford,Econoline E350,1995,Pink,5/20/1987,2XL
681,Levi,Emanuelli,lemanuelliiw@jalbum.net,Male,Audi,A8,2003,Khaki,8/21/1982,L
682,Corrie,Eades,ceadesix@dot.gov,Male,GMC,Suburban 1500,1997,Khaki,12/12/1987,3XL
683,Dolf,Hauxley,dhauxleyiy@indiegogo.com,Male,Mazda,929,1989,Green,5/15/1955,XL
684,Waldemar,Dugald,wdugaldiz@howstuffworks.com,Male,Cadillac,Seville,2000,Orange,12/25/1974,S
685,Therese,Beaufoy,tbeaufoyj0@mtv.com,Female,Audi,S4,2007,Puce,10/1/1951,L
686,Isadore,Ivanonko,iivanonkoj1@google.com.au,Male,Lexus,LX,1996,Indigo,7/14/1935,XS
687,Antonina,Prandini,aprandinij2@slashdot.org,Female,BMW,M3,2004,Red,1/4/1947,3XL
688,Jennilee,Sharville,jsharvillej3@desdev.cn,Female,Lexus,HS,2012,Puce,4/4/1949,3XL
689,Cleveland,Bucktharp,cbucktharpj4@thetimes.co.uk,Male,Maserati,GranSport,2005,Teal,11/25/1959,XS
690,Forester,Espinazo,fespinazoj5@ted.com,Male,Mitsubishi,Lancer,2011,Mauv,10/21/1964,2XL
691,Blancha,Gunthorpe,bgunthorpej6@ow.ly,Female,BMW,Z8,2001,Green,7/29/1960,3XL
692,Carmelita,Althorpe,calthorpej7@nasa.gov,Female,Chevrolet,Prizm,2001,Mauv,6/7/1959,2XL
693,Waiter,Nurse,wnursej8@wsj.com,Male,Volvo,V40,2004,Green,11/5/1961,L
694,Martie,Stegell,mstegellj9@blogspot.com,Male,BMW,,,,,
695,Radcliffe,Francisco,rfranciscoja@un.org,Male,BMW,Z4 M,2007,Crimson,9/22/1989,M
696,Kara-lynn,Fender,kfenderjb@dmoz.org,Female,Kia,Sephia,2001,Mauv,4/30/1948,2XL
697,Mahalia,Gonthier,mgonthierjc@bloomberg.com,Female,Volvo,XC60,2010,Green,1/23/1959,S
698,Kerwin,Burner,kburnerjd@bloglovin.com,Male,Chevrolet,Lumina,1997,Mauv,2/19/1950,L
699,Aldus,Edwards,aedwardsje@army.mil,Male,Mitsubishi,Galant,1989,Khaki,8/25/1984,2XL
700,Trumaine,Weigh,tweighjf@noaa.gov,Male,Pontiac,Grand Prix,1983,Aquamarine,10/10/1941,S
701,Kurtis,Knowles,kknowlesjg@yale.edu,Male,Dodge,Grand Caravan,1992,Pink,2/10/1941,XL
702,Bailey,Harlick,bharlickjh@cpanel.net,Male,Isuzu,Rodeo,1993,Mauv,2/20/1981,L
703,Annette,Hewins,ahewinsji@imgur.com,Female,Lexus,LS,1991,Pink,6/3/1972,XS
704,Zarla,Dyka,zdykajj@live.com,Female,Buick,LeSabre,1987,Puce,10/4/1950,M
705,Fanechka,Lettson,flettsonjk@surveymonkey.com,Female,Land Rover,Range Rover Sport,2009,Violet,5/14/1957,3XL
706,Shalne,Tourle,stourlejl@guardian.co.uk,Female,Ford,Mustang,1986,Pink,3/14/1973,XL
707,Ivette,Matteo,imatteojm@symantec.com,Female,Mazda,MPV,1996,Green,3/13/1934,XL
708,Wallas,Heed,wheedjn@aol.com,Male,Lotus,Esprit,2000,Green,11/6/1935,S
709,Daryl,Hugli,dhuglijo@techcrunch.com,Male,BMW,M5,2002,Pink,4/23/1994,XL
710,Cordy,Sandeman,csandemanjp@va.gov,Female,Chrysler,LeBaron,1995,Turquoise,9/18/1958,XL
711,Hortensia,Stubbert,hstubbertjq@networksolutions.com,Female,Plymouth,Grand Voyager,1997,Teal,1/27/1962,2XL
712,Evita,Kuschek,ekuschekjr@hexun.com,Female,Audi,80,1990,Orange,11/25/1959,S
713,Zsa zsa,Bysshe,zbysshejs@illinois.edu,Female,Chevrolet,Express 1500,2011,Puce,10/26/1969,XS
714,Zulema,Lampen,zlampenjt@usa.gov,Female,Suzuki,X-90,1997,Fuscia,5/12/1959,XL
715,Reynolds,Innett,rinnettju@ed.gov,Male,Toyota,Tacoma Xtra,2000,Red,4/11/1948,L
716,Kristoffer,Stavers,kstaversjv@wp.com,Male,Buick,LeSabre,1998,Turquoise,12/5/1993,XS
717,Windham,Densie,wdensiejw@homestead.com,Male,Buick,Regal,2003,Violet,7/9/1960,XS
718,Tarrance,Winfindine,twinfindinejx@1und1.de,Male,Volvo,850,1993,Maroon,7/28/1970,S
719,Lauryn,Mordue,lmorduejy@imageshack.us,Female,Ford,F150,2011,Mauv,7/16/1999,3XL
720,Maybelle,Dikes,mdikesjz@php.net,Female,Audi,Allroad,2004,Fuscia,2/16/1966,L
721,Kaitlin,Rosell,krosellk0@flavors.me,Female,Pontiac,Sunbird,1987,Blue,5/26/1958,XS
722,Lotty,Walter,lwalterk1@scribd.com,Female,Toyota,Highlander Hybrid,2007,Khaki,1/26/1967,S
723,Lauryn,Harrinson,lharrinsonk2@blogtalkradio.com,Female,Chevrolet,Silverado,2009,Maroon,7/27/1987,2XL
724,Roosevelt,Ramsey,rramseyk3@multiply.com,Male,GMC,Yukon XL 2500,2012,Crimson,7/31/1934,XL
725,Buck,Beaford,bbeafordk4@netscape.com,Male,Mercury,Tracer,1997,Khaki,8/20/1940,L
726,Cathryn,Touret,ctouretk5@ycombinator.com,Female,Lexus,LX,2005,Pink,6/13/1936,S
727,Joyann,Abbis,jabbisk6@ezinearticles.com,Female,Acura,RSX,2006,Khaki,4/9/1938,3XL
728,Tallie,Sprigging,tspriggingk7@slate.com,Female,Pontiac,Grand Prix,2003,Indigo,1/9/1982,3XL
729,Vic,Mauditt,vmaudittk8@indiegogo.com,Male,Ford,Crown Victoria,2000,Crimson,8/1/1999,3XL
730,Rosabelle,Sweed,rsweedk9@skype.com,Female,Mercedes-Benz,M-Class,2009,Puce,11/21/1971,M
731,Cherie,Thome,cthomeka@census.gov,Female,BMW,,,,,
732,Helenelizabeth,Masham,hmashamkb@springer.com,Female,GMC,Savana,2010,Yellow,6/3/1971,M
733,Trey,Semeradova,tsemeradovakc@sciencedaily.com,Male,Volkswagen,GTI,1991,Orange,8/7/1993,S
734,Urbain,Sheen,usheenkd@google.es,Male,Ford,F350,1997,Green,1/23/1947,XS
735,Giustino,Winterbotham,gwinterbothamke@sogou.com,Male,Buick,Rainier,2005,Blue,10/28/1951,L
736,Park,Antonucci,pantonuccikf@themeforest.net,Male,Mercury,Cougar,1987,Crimson,8/17/1987,S
737,Roseann,Larwell,rlarwellkg@wikispaces.com,Female,Nissan,Leaf,2012,Mauv,4/8/1970,M
738,Rafaello,Butfield,rbutfieldkh@google.cn,Male,BMW,X5,2005,Crimson,6/16/1993,2XL
739,Cynthea,Aliberti,calibertiki@newsvine.com,Female,Volkswagen,Fox,1992,Teal,4/3/1990,XL
740,Lexine,Blinkhorn,lblinkhornkj@reuters.com,Female,Mercedes-Benz,M-Class,2009,Blue,4/20/1971,3XL
741,Alexio,Joyce,ajoycekk@ehow.com,Male,Mitsubishi,Pajero,1984,Aquamarine,4/20/1949,S
742,Fania,Fellgate,ffellgatekl@devhub.com,Female,Ford,Econoline E350,1994,Khaki,10/10/1970,3XL
743,Eloisa,Dalgarnocht,edalgarnochtkm@cam.ac.uk,Female,Mazda,RX-7,1985,Blue,12/26/1965,2XL
744,Oliy,Entres,oentreskn@naver.com,Female,Lexus,GS,2002,Pink,12/24/1941,XL
745,Elliot,Husbands,ehusbandsko@edublogs.org,Male,Audi,A4,2007,Maroon,3/6/1995,XS
746,Neilla,Thames,nthameskp@examiner.com,Female,Chevrolet,Caprice Classic,1996,Teal,12/8/1941,3XL
747,Egan,Knoles,eknoleskq@intel.com,Male,Mazda,Miata MX-5,2009,Mauv,11/1/1945,M
748,Nani,De la Eglise,ndelaeglisekr@over-blog.com,Female,Plymouth,Breeze,1997,Crimson,10/10/1974,S
749,Raychel,Roles,rrolesks@weibo.com,Female,GMC,Savana 3500,2006,Teal,9/16/1981,S
750,Nona,Headington,nheadingtonkt@ustream.tv,Female,Mitsubishi,Galant,1992,Pink,1/5/1973,L
751,Kelsey,MacAnelley,kmacanelleyku@prlog.org,Female,BMW,7 Series,2010,Teal,3/2/1961,M
752,Clarette,Blanshard,cblanshardkv@hhs.gov,Female,Mercedes-Benz,S-Class,1993,Red,3/3/1988,XS
753,Maybelle,Haywood,mhaywoodkw@woothemes.com,Female,Saturn,Astra,2008,Maroon,11/7/1943,2XL
754,Diena,Mattielli,dmattiellikx@about.com,Female,Suzuki,SX4,2007,Goldenrod,5/31/1975,XL
755,Debera,Fishpoole,dfishpooleky@bloglines.com,Female,Infiniti,,,,,
756,Andrej,Baalham,abaalhamkz@blinklist.com,Male,Mercedes-Benz,S-Class,2010,Mauv,4/22/1957,S
757,Dre,Dyshart,ddyshartl0@example.com,Female,Mercedes-Benz,SL-Class,2009,Khaki,9/5/1992,XL
758,Odella,McAlinion,omcalinionl1@wiley.com,Female,Hyundai,Veloster,2013,Orange,12/12/1998,M
759,Bryanty,Dorber,bdorberl2@dyndns.org,Male,Buick,LaCrosse,2005,Violet,8/29/1943,3XL
760,Colan,Everett,ceverettl3@tumblr.com,Male,Mitsubishi,Cordia,1987,Purple,8/21/1984,L
761,Terrence,Batterham,tbatterhaml4@desdev.cn,Male,Maserati,Quattroporte,2012,Turquoise,7/11/1996,XS
762,Cordy,Ferguson,cfergusonl5@cargocollective.com,Female,Ford,Taurus,1987,Fuscia,12/13/1988,L
763,Josefina,Espin,jespinl6@imdb.com,Female,Chevrolet,Impala,2009,Khaki,10/1/1955,3XL
764,Georges,Couronne,gcouronnel7@thetimes.co.uk,Male,Ford,F350,2008,Indigo,2/6/1973,XL
765,Karita,Spink,kspinkl8@google.de,Female,Hyundai,Excel,1994,Pink,9/1/1935,2XL
766,Derry,Trouel,dtrouell9@washington.edu,Male,Chevrolet,3500,1992,Maroon,4/1/1947,3XL
767,Chrissie,Cosker,ccoskerla@sakura.ne.jp,Female,Lexus,ES,2001,Crimson,8/10/1982,M
768,Morse,De Lorenzo,mdelorenzolb@vistaprint.com,Male,Buick,Verano,2012,Crimson,6/15/1984,2XL
769,Felipe,Costin,fcostinlc@prlog.org,Male,Lexus,LS,2005,Crimson,8/30/1943,XS
770,Lucian,Espino,lespinold@rambler.ru,Male,Mercury,Sable,1991,Red,12/13/1955,XL
771,Christos,Nobbs,cnobbsle@com.com,Male,Isuzu,i-370,2007,Maroon,10/1/1961,XS
772,Faythe,Pentecost,fpentecostlf@hatena.ne.jp,Female,Chevrolet,Monte Carlo,1996,Yellow,3/10/1974,3XL
773,Keefer,Dyhouse,kdyhouselg@howstuffworks.com,Male,Pontiac,Bonneville,1994,Blue,1/13/1948,2XL
774,Sherlock,Peery,speerylh@wikipedia.org,Male,Mercedes-Benz,E-Class,1988,Blue,3/6/1967,XS
775,Larina,Reeson,lreesonli@histats.com,Female,Dodge,Stratus,2000,Crimson,1/7/1934,XL
776,Saul,Fendley,sfendleylj@prlog.org,Male,Mazda,B-Series,1992,Violet,1/13/1991,L
777,Meghan,Compford,mcompfordlk@google.fr,Female,Chevrolet,Astro,1993,Khaki,12/24/1969,M
778,Dewey,Bargh,dbarghll@ezinearticles.com,Male,Mercedes-Benz,E-Class,2003,Teal,8/27/1953,M
779,Anya,Pleasaunce,apleasauncelm@accuweather.com,Female,Mazda,MX-5,1998,Turquoise,6/2/1967,XL
780,Sigfried,Buzzing,sbuzzingln@washington.edu,Male,Mercury,Mountaineer,2007,Aquamarine,8/17/1937,M
781,Joelly,Dyneley,jdyneleylo@seesaa.net,Female,Mercury,Sable,1993,Puce,1/22/1984,3XL
782,Bart,MacLaren,bmaclarenlp@walmart.com,Male,Subaru,Loyale,1993,Violet,10/16/1975,L
783,Sashenka,Louis,slouislq@spiegel.de,Female,Aston Martin,Rapide,2010,Aquamarine,3/15/1974,XS
784,Brynne,Coyish,bcoyishlr@eepurl.com,Female,GMC,Savana 1500,1996,Turquoise,5/9/1961,XS
785,Roselia,Paten,rpatenls@craigslist.org,Female,Mitsubishi,Galant,1999,Goldenrod,5/18/1936,M
786,Jacquette,McGibbon,jmcgibbonlt@youtube.com,Female,Land Rover,Range Rover Sport,2006,Puce,2/7/1946,XS
787,Annmaria,Gheorghe,agheorghelu@narod.ru,Female,Maybach,57,2004,Red,5/28/1994,XL
788,Sheeree,Parsall,sparsalllv@friendfeed.com,Female,Oldsmobile,Achieva,1996,Turquoise,11/22/1935,2XL
789,Urban,Appleby,uapplebylw@businessweek.com,Male,Volkswagen,Rabbit,2009,Puce,3/10/1974,S
790,Kennett,Kobierra,kkobierralx@jiathis.com,Male,Mazda,323,1995,Mauv,12/11/1998,3XL
791,Hortense,Killelea,hkillelealy@miitbeian.gov.cn,Female,Nissan,Xterra,2003,Mauv,11/15/1950,L
792,Sibylla,Castenda,scastendalz@deviantart.com,Female,Mercury,Mariner,2008,Violet,9/12/1951,L
793,Elena,Treagust,etreagustm0@latimes.com,Female,Isuzu,Rodeo,1993,Red,6/30/1966,S
794,Lowrance,Trenam,ltrenamm1@dyndns.org,Male,Saturn,S-Series,2002,Goldenrod,11/12/1956,XS
795,Wilma,Hilbourne,whilbournem2@accuweather.com,Female,Lotus,Esprit,2001,Maroon,9/10/1949,XS
796,Baxie,Basso,bbassom3@rambler.ru,Male,Hyundai,Elantra,1998,Red,2/20/1975,L
797,Giselbert,Hellikes,ghellikesm4@addthis.com,Male,Ford,F250,2004,Fuscia,1/5/1995,2XL
798,Haroun,Vondracek,hvondracekm5@wikispaces.com,Male,Kia,Borrego,2009,Teal,12/3/1964,L
799,Gaelan,Garett,ggarettm6@earthlink.net,Male,Mitsubishi,Mirage,1988,Red,9/29/1944,XS
800,Leontyne,Wroth,lwrothm7@pagesperso-orange.fr,Female,Pontiac,Solstice,2007,Puce,9/15/1940,L
801,Dennie,Brumbye,dbrumbyem8@wiley.com,Male,Saab,9-3,2002,Orange,9/26/1948,L
802,Finley,Culter,fculterm9@msn.com,Male,Nissan,Altima,1994,Aquamarine,12/22/1968,3XL
803,Harmon,Propper,hpropperma@indiegogo.com,Male,Suzuki,SJ,1991,Mauv,5/5/1957,2XL
804,Barnie,Fritschel,bfritschelmb@thetimes.co.uk,Male,Honda,CR-V,2005,Khaki,12/18/1971,XL
805,Henka,Vala,hvalamc@vimeo.com,Female,Audi,A4,2011,Yellow,6/20/1981,XS
806,Wendell,Confait,wconfaitmd@psu.edu,Male,Lincoln,Navigator,2010,Puce,10/21/1993,XL
807,Mord,Korf,mkorfme@shop-pro.jp,Male,GMC,2500,1992,Indigo,7/11/1946,S
808,Alvis,Pointin,apointinmf@huffingtonpost.com,Male,Subaru,Tribeca,2007,Goldenrod,7/10/1985,XS
809,Julietta,Adamo,jadamomg@businesswire.com,Female,Ford,Contour,1997,Purple,6/17/1999,XL
810,Phaidra,Chomicki,pchomickimh@nih.gov,Female,Porsche,911,2002,Teal,6/22/1994,M
811,Allister,Witherdon,awitherdonmi@cbsnews.com,Male,Infiniti,G,2000,Blue,12/19/1938,XS
812,Dorella,Godbehere,dgodbeheremj@ihg.com,Female,GMC,2500 Club Coupe,1993,Teal,12/3/1944,3XL
813,Garth,Lanegran,glanegranmk@yahoo.com,Male,Nissan,240SX,1998,Turquoise,1/18/1991,S
814,Waylan,Kleingrub,wkleingrubml@eepurl.com,Male,Subaru,Impreza,1995,Violet,10/15/1939,XS
815,Ingeborg,Folker,ifolkermm@shareasale.com,Female,Pontiac,GTO,2006,Khaki,5/9/1951,2XL
816,Cos,Gaudin,cgaudinmn@uiuc.edu,Male,Mercury,Cougar,1987,Indigo,8/16/1955,XL
817,Velvet,Rubbens,vrubbensmo@yandex.ru,Female,Ford,Mustang,1990,Turquoise,2/14/1998,3XL
818,Dalston,Tasch,dtaschmp@examiner.com,Male,Ford,E-Series,2008,Yellow,8/5/1981,S
819,Pamelina,Merring,pmerringmq@altervista.org,Female,Plymouth,Voyager,1998,Aquamarine,6/17/1934,L
820,Massimiliano,Faucett,mfaucettmr@4shared.com,Male,Suzuki,Grand Vitara,2005,Maroon,4/11/1973,S
821,Cristie,Bowman,cbowmanms@sbwire.com,Female,Hyundai,Excel,1993,Maroon,7/9/1947,L
822,Sutherland,Hourican,shouricanmt@seattletimes.com,Male,Dodge,Neon,1998,Mauv,6/20/1953,L
823,Charmane,O'Grada,cogradamu@indiatimes.com,Female,Mazda,626,1991,Fuscia,10/20/1977,XL
824,Harlan,Cissell,hcissellmv@flavors.me,Male,Mitsubishi,Expo,1994,Khaki,5/26/1971,M
825,Leesa,Paterno,lpaternomw@marketwatch.com,Female,Maybach,57S,2005,Turquoise,9/28/1967,L
826,Giacinta,Hinder,ghindermx@macromedia.com,Female,Toyota,Land Cruiser,2000,Yellow,7/31/1961,XL
827,Callean,Debow,cdebowmy@reference.com,Male,Ford,F-Series,2011,Khaki,3/19/1958,2XL
828,Barbey,Bushel,bbushelmz@canalblog.com,Female,Mazda,B-Series Plus,2004,Crimson,9/15/1992,2XL
829,Sid,Scully,sscullyn0@livejournal.com,Male,Mercedes-Benz,E-Class,1990,Crimson,10/21/1981,2XL
830,Sunny,Wildman,swildmann1@ox.ac.uk,Female,Morgan,Aero 8,2008,Indigo,3/19/1949,2XL
831,Alonso,Tullot,atullotn2@wufoo.com,Male,Mercedes-Benz,,,,,
832,Marlow,Seccombe,mseccomben3@nhs.uk,Male,Chrysler,LeBaron,1992,Crimson,6/23/1988,3XL
833,Ferdie,Tremouille,ftremouillen4@blogger.com,Male,Hyundai,Entourage,2009,Mauv,5/30/1989,3XL
834,Wendall,Gerleit,wgerleitn5@sohu.com,Male,Chevrolet,Corvette,1994,Purple,1/28/1937,3XL
835,Craggy,Sumsion,csumsionn6@cnbc.com,Male,Cadillac,Eldorado,2001,Indigo,7/22/1983,XL
836,Morgen,Spofforth,mspofforthn7@wikimedia.org,Male,Mazda,Tribute,2001,Teal,10/9/1967,3XL
837,Wendell,O'Riordan,woriordann8@1und1.de,Male,Mercury,Topaz,1993,Goldenrod,1/24/1986,XL
838,Baron,Goodlife,bgoodlifen9@free.fr,Male,Chrysler,Sebring,1996,Blue,2/7/1977,2XL
839,Perkin,Genge,pgengena@nbcnews.com,Male,Bentley,Continental GT,2012,Turquoise,1/16/1948,XS
840,Ari,Northall,anorthallnb@elpais.com,Male,Porsche,Cayenne,2006,Yellow,2/2/1955,L
841,Nonie,Spargo,nspargonc@bigcartel.com,Female,Mercedes-Benz,E-Class,1997,Khaki,6/11/1994,L
842,Nat,Serris,nserrisnd@npr.org,Female,Chevrolet,Tracker,2001,Green,6/24/1987,S
843,Arliene,Pennacci,apennaccine@yelp.com,Female,Land Rover,Range Rover,2005,Purple,7/4/1996,L
844,Violetta,McIlwraith,vmcilwraithnf@indiegogo.com,Female,Subaru,Impreza,2012,Purple,4/9/1977,XS
845,Francklyn,Ellicombe,fellicombeng@eventbrite.com,Male,Hyundai,Sonata,1998,Orange,7/12/1998,XL
846,Brynne,Eborn,bebornnh@theglobeandmail.com,Female,Land Rover,Discovery,2007,Violet,4/23/1957,2XL
847,Robert,Aldwich,raldwichni@thetimes.co.uk,Male,Chevrolet,Colorado,2005,Red,4/1/1995,M
848,Kiley,D'Onisi,kdonisinj@seesaa.net,Female,MINI,Cooper Clubman,2010,Turquoise,8/22/1980,XS
849,Kinnie,Marchington,kmarchingtonnk@uol.com.br,Male,Mitsubishi,Diamante,1996,Fuscia,3/19/1984,L
850,Melody,Royle,mroylenl@intel.com,Female,Buick,Riviera,1990,Puce,9/26/1935,XL
851,Rey,Adriaan,radriaannm@hubpages.com,Male,Volvo,C30,2012,Aquamarine,4/23/1994,2XL
852,Tam,Ioannidis,tioannidisnn@nifty.com,Male,Ford,E-350 Super Duty,2006,Turquoise,2/6/1990,2XL
853,Tandy,Adamowicz,tadamowiczno@gizmodo.com,Female,Geo,Metro,1992,Goldenrod,5/17/1946,L
854,Lucinda,Arrigo,larrigonp@scribd.com,Female,Volvo,C70,2013,Teal,4/19/1950,L
855,Sterne,Tetsall,stetsallnq@squarespace.com,Male,Mercedes-Benz,M-Class,2006,Pink,9/24/1992,L
856,Sully,Scholfield,sscholfieldnr@slate.com,Male,Chevrolet,S10 Blazer,1994,Fuscia,10/14/1969,3XL
857,Oona,Gillani,ogillanins@t.co,Female,Bentley,Continental Flying Spur,2011,Puce,11/26/1954,S
858,Jeffie,Peacocke,jpeacockent@sohu.com,Male,Lotus,Esprit,1985,Maroon,11/10/1957,XL
859,Ikey,Velden,iveldennu@dion.ne.jp,Male,Pontiac,Trans Sport,1998,Crimson,1/29/1947,L
860,Kimmie,Job,kjobnv@shareasale.com,Female,Rolls-Royce,Phantom,2013,Aquamarine,5/8/1943,3XL
861,Kirk,Brackley,kbrackleynw@linkedin.com,Male,Audi,S4,2013,Turquoise,10/28/1967,L
862,Curr,Cheverell,ccheverellnx@furl.net,Male,Chevrolet,Tahoe,1999,Orange,10/18/1971,3XL
863,Jason,Bourdon,jbourdonny@arstechnica.com,Male,BMW,Z4,2006,Green,9/11/1995,3XL
864,Margalo,Stolle,mstollenz@elpais.com,Female,Hummer,H2,2007,Turquoise,6/9/1954,XL
865,Ansley,Alasdair,aalasdairo0@blinklist.com,Female,Dodge,Ram 3500,1997,Turquoise,7/12/1986,2XL
866,Jewelle,Lemon,jlemono1@about.com,Female,Dodge,Ram 3500,2002,Fuscia,4/10/1966,2XL
867,Cori,Weyland,cweylando2@thetimes.co.uk,Male,Chevrolet,,,,,
868,Benny,Jelfs,bjelfso3@slate.com,Male,Infiniti,QX,2007,Crimson,6/13/1990,M
869,Merell,Le Gassick,mlegassicko4@blogger.com,Male,Toyota,Avalon,2010,Orange,2/13/1989,M
870,Upton,Van Der Walt,uvanderwalto5@chronoengine.com,Male,Chevrolet,Corsica,1995,Fuscia,7/23/1946,XL
871,Aleen,Deignan,adeignano6@webeden.co.uk,Female,Nissan,Sentra,1995,Violet,12/6/1978,L
872,Venita,Rowsel,vrowselo7@seesaa.net,Female,Scion,FR-S,2013,Blue,9/18/1989,3XL
873,Kelwin,Stollard,kstollardo8@shareasale.com,Male,GMC,Rally Wagon 1500,1993,Crimson,5/31/1942,XL
874,Tadeo,Deble,tdebleo9@cargocollective.com,Male,Toyota,,,,,
875,Dawn,Dyne,ddyneoa@wikimedia.org,Female,Toyota,Tundra,2002,Goldenrod,2/13/1973,XS
876,Lambert,De Gowe,ldegoweob@tiny.cc,Male,Mazda,CX-9,2011,Aquamarine,9/4/1985,3XL
877,Ade,Larman,alarmanoc@thetimes.co.uk,Male,Toyota,Camry,1994,Turquoise,9/5/1937,XS
878,Kat,Tourmell,ktourmellod@clickbank.net,Female,Cadillac,Catera,1998,Goldenrod,3/14/1998,XS
879,Rawley,Antrack,rantrackoe@yellowbook.com,Male,Aston Martin,Vantage,2007,Puce,9/5/1949,M
880,Anette,Goosnell,agoosnellof@quantcast.com,Female,Ford,Econoline E150,2001,Turquoise,8/20/1969,S
881,Kelley,Merit,kmeritog@baidu.com,Male,Chevrolet,Impala SS,1994,Pink,12/30/1964,L
882,Cindy,Beminster,cbeminsteroh@yandex.ru,Female,Ford,Th!nk,2002,Indigo,11/27/1996,XL
883,Jehu,Dongate,jdongateoi@apple.com,Male,Land Rover,Discovery,1994,Maroon,5/5/1998,L
884,Kayla,Hundy,khundyoj@wunderground.com,Female,Bugatti,Veyron,2009,Khaki,11/7/1934,2XL
885,Arlee,Cornils,acornilsok@prnewswire.com,Female,Pontiac,Grand Am,1985,Puce,10/30/1963,L
886,Reade,Saynor,rsaynorol@eepurl.com,Male,Oldsmobile,Silhouette,1998,Teal,1/26/1937,M
887,Holly,Lightwood,hlightwoodom@usatoday.com,Female,Suzuki,Kizashi,2011,Yellow,8/19/1967,2XL
888,Constancy,Du Barry,cdubarryon@army.mil,Female,Mazda,Mazda3,2004,Blue,5/28/1942,S
889,Felicle,Cavnor,fcavnoroo@guardian.co.uk,Female,Audi,A5,2009,Indigo,10/23/1975,3XL
890,Lissie,Ghione,lghioneop@altervista.org,Female,Dodge,Ram Wagon B150,1992,Orange,12/2/1937,XS
891,Lorette,Hargreves,lhargrevesoq@geocities.jp,Female,Geo,,,,,
892,Nelle,Iannello,niannelloor@deviantart.com,Female,Mercedes-Benz,G55 AMG,2006,Indigo,6/8/1954,XS
893,Lesley,Restieaux,lrestieauxos@time.com,Female,Nissan,Pathfinder,2003,Aquamarine,12/3/1979,2XL
894,Beck,Kippling,bkipplingot@gnu.org,Male,Pontiac,Firebird,1969,Blue,4/29/1991,L
895,Ivonne,Izkoveski,iizkoveskiou@spiegel.de,Female,Ford,Ranger,2005,Indigo,6/28/1993,L
896,Micheal,Lindro,mlindroov@1688.com,Male,Lincoln,MKS,2013,Puce,1/16/1940,XL
897,Sonia,Burgett,sburgettow@bravesites.com,Female,Acura,TL,2004,Pink,5/20/1974,M
898,Elita,Gilvear,egilvearox@a8.net,Female,GMC,Yukon XL 2500,2002,Indigo,5/20/1953,L
899,Gian,Rhymer,grhymeroy@paginegialle.it,Male,Nissan,Rogue,2010,Yellow,4/9/1985,S
900,Sarah,Jirik,sjirikoz@theatlantic.com,Female,Volkswagen,GTI,2008,Maroon,4/17/1987,S
901,Clarabelle,Carrigan,ccarriganp0@nih.gov,Female,Ford,E350,2006,Fuscia,11/18/1954,XL
902,Morley,Moyne,mmoynep1@patch.com,Male,Kia,Rio,2012,Fuscia,10/1/1967,XS
903,Nelson,Tolfrey,ntolfreyp2@craigslist.org,Male,Land Rover,Range Rover Sport,2011,Violet,4/27/1978,XS
904,Lizabeth,Speed,lspeedp3@bing.com,Female,Chevrolet,Express 1500,1996,Indigo,1/14/1966,XL
905,Ermengarde,Kepe,ekepep4@uol.com.br,Female,Mercedes-Benz,E-Class,2009,Green,1/10/1962,L
906,Bruno,Cummine,bcumminep5@engadget.com,Male,Infiniti,G,2002,Khaki,1/10/1989,L
907,Giles,Reyes,greyesp6@opensource.org,Male,Ford,Econoline E350,1994,Maroon,5/31/1997,XL
908,Teodoor,Christoffe,tchristoffep7@ted.com,Male,Land Rover,Range Rover Sport,2010,Blue,3/10/1948,2XL
909,Morgan,Sheen,msheenp8@cam.ac.uk,Female,Chrysler,,,,,
910,Frasco,Cleynaert,fcleynaertp9@comsenz.com,Male,Volkswagen,R32,2004,Violet,3/25/1944,3XL
911,Natty,Boissier,nboissierpa@ovh.net,Female,Lexus,LS,2005,Puce,7/17/1976,XL
912,Berta,Willbond,bwillbondpb@java.com,Female,Honda,Accord,2012,Indigo,10/4/1993,XS
913,Nalani,MacMorland,nmacmorlandpc@blogtalkradio.com,Female,Mazda,MX-6,1995,Crimson,2/6/1998,M
914,Devin,Friett,dfriettpd@over-blog.com,Female,Cadillac,Escalade,2003,Pink,9/19/1991,2XL
915,Zaria,Prophet,zprophetpe@hexun.com,Female,Ford,Focus ST,2013,Red,7/16/1936,XL
916,Salomo,Stoakley,sstoakleypf@quantcast.com,Male,Dodge,Colt,1994,Aquamarine,12/18/1961,S
917,Micky,Lamzed,mlamzedpg@furl.net,Male,Scion,tC,2008,Orange,12/28/1983,2XL
918,Phoebe,Beckingham,pbeckinghamph@marketwatch.com,Female,Toyota,Prius,2009,Khaki,12/4/1978,3XL
919,Osborn,McMeyler,omcmeylerpi@prweb.com,Male,Mercedes-Benz,M-Class,2000,Red,4/30/1963,M
920,Alasteir,Hallgalley,ahallgalleypj@e-recht24.de,Male,GMC,Yukon Denali,2006,Fuscia,12/21/1948,3XL
921,Frans,Booker,fbookerpk@wired.com,Male,Maserati,Quattroporte,2008,Green,12/26/1976,2XL
922,Any,MacLoughlin,amacloughlinpl@nature.com,Male,Toyota,Highlander,2003,Goldenrod,7/30/1996,L
923,Eirena,Elgram,eelgrampm@twitter.com,Female,Suzuki,Daewoo Magnus,2005,Mauv,11/12/1992,M
924,Corina,Lande,clandepn@howstuffworks.com,Female,Mazda,B-Series Plus,1996,Pink,8/16/1979,S
925,Cheryl,De Lacey,cdelaceypo@ask.com,Female,Infiniti,G,2011,Purple,11/7/1953,XS
926,Willey,Pinney,wpinneypp@nsw.gov.au,Male,Hyundai,Elantra,2001,Green,11/11/1970,L
927,Evaleen,Merrigan,emerriganpq@odnoklassniki.ru,Female,Chevrolet,Beretta,1992,Teal,3/10/1941,S
928,Cletis,Emlen,cemlenpr@squarespace.com,Male,Plymouth,Sundance,1993,Violet,1/18/1944,S
929,Suzette,Chritchlow,schritchlowps@devhub.com,Female,Toyota,Avalon,1998,Pink,4/30/1967,M
930,Madge,Holhouse,mholhousept@dion.ne.jp,Female,Mazda,626,1993,Violet,11/19/1993,2XL
931,Lelia,Luetkemeyer,lluetkemeyerpu@multiply.com,Female,Dodge,Stratus,1999,Purple,6/29/1962,3XL
932,Gregoor,Sleany,gsleanypv@histats.com,Male,Mercedes-Benz,500SEL,1993,Puce,3/6/1976,L
933,Munmro,Wimbury,mwimburypw@chicagotribune.com,Male,Dodge,Ram 1500 Club,2000,Aquamarine,7/26/1933,L
934,Ky,Stittle,kstittlepx@forbes.com,Male,Infiniti,QX,2002,Maroon,11/23/1992,2XL
935,Tamara,Redmell,tredmellpy@mtv.com,Female,Mitsubishi,RVR,1995,Maroon,2/13/1949,XL
936,Basilio,Norkett,bnorkettpz@intel.com,Male,Mercury,,,,,
937,Vidovik,Wickens,vwickensq0@unicef.org,Male,BMW,3 Series,2005,Aquamarine,7/26/1939,M
938,Jannel,Bartalot,jbartalotq1@cbsnews.com,Female,Volvo,XC70,2009,Purple,9/29/1949,S
939,Nickie,Thacke,nthackeq2@apple.com,Female,Mercedes-Benz,SL-Class,1985,Teal,5/18/1966,2XL
940,Austina,Favell,afavellq3@ox.ac.uk,Female,Honda,CR-V,1999,Aquamarine,4/1/1950,3XL
941,Jae,Machen,jmachenq4@twitpic.com,Male,Mazda,Mazda6,2003,Khaki,7/22/1944,S
942,Chiquita,Bullick,cbullickq5@netvibes.com,Female,Honda,Prelude,1984,Purple,11/27/1969,M
943,Davy,Spurling,dspurlingq6@1688.com,Male,Volkswagen,Passat,1988,Turquoise,11/18/1971,XS
944,Terrell,Tollet,ttolletq7@wikia.com,Male,Audi,5000CS,1988,Crimson,11/10/1978,L
945,Ritchie,Bennellick,rbennellickq8@tumblr.com,Male,Chevrolet,Corvette,1967,Mauv,4/6/1957,XL
946,Bradan,Polsin,bpolsinq9@yandex.ru,Male,Ford,E-Series,2012,Red,11/14/1966,L
947,Johnny,Matterface,jmatterfaceqa@examiner.com,Male,Land Rover,Range Rover,2006,Aquamarine,2/24/1978,XL
948,Helena,Hars,hharsqb@etsy.com,Female,Dodge,Ram 3500,1998,Goldenrod,11/3/1963,M
949,Rachel,Duffield,rduffieldqc@mlb.com,Female,Audi,S5,2008,Orange,11/27/1953,2XL
950,Thadeus,Halburton,thalburtonqd@scientificamerican.com,Male,Pontiac,Firebird,1998,Crimson,2/22/1936,M
951,Frazier,Bollin,fbollinqe@virginia.edu,Male,Hyundai,Elantra,1993,Fuscia,8/20/1961,XL
952,Burlie,Zmitruk,bzmitrukqf@merriam-webster.com,Male,Lexus,LS,1990,Purple,10/30/1972,2XL
953,Tatiania,Lammie,tlammieqg@economist.com,Female,Subaru,Forester,2007,Red,4/8/1948,XS
954,Xavier,Aspling,xasplingqh@nbcnews.com,Male,Lotus,Evora,2012,Puce,11/29/1971,2XL
955,Wynn,Lots,wlotsqi@seesaa.net,Male,BMW,M6,2010,Pink,5/5/1937,S
956,Shara,Haymes,shaymesqj@lycos.com,Female,Ford,Econoline E350,1994,Goldenrod,11/25/1972,2XL
957,Marleah,Pryell,mpryellqk@sogou.com,Female,Infiniti,QX,2007,Crimson,12/25/1962,L
958,Farlay,Kennedy,fkennedyql@sakura.ne.jp,Male,Audi,A4,2006,Khaki,8/8/1998,XS
959,Fifine,Tomaszynski,ftomaszynskiqm@scribd.com,Female,Audi,S6,2007,Violet,4/8/1942,L
960,Keelia,Pratten,kprattenqn@dagondesign.com,Female,Dodge,Ram Van 3500,1995,Indigo,7/18/1937,2XL
961,Linette,Heijnen,lheijnenqo@yellowbook.com,Female,Maybach,62,2007,Violet,2/27/1984,XS
962,Andreana,Gate,agateqp@squarespace.com,Female,Mitsubishi,Outlander,2010,Teal,2/12/1971,2XL
963,Blaire,Wainwright,bwainwrightqq@va.gov,Female,Toyota,Corolla,1995,Pink,11/15/1954,L
964,Sloane,Postins,spostinsqr@guardian.co.uk,Male,GMC,Rally Wagon G3500,1996,Blue,9/1/1992,M
965,Laurent,Feldon,lfeldonqs@upenn.edu,Male,Acura,RL,2000,Goldenrod,6/19/1944,S
966,Collette,Corbin,ccorbinqt@reverbnation.com,Female,Chevrolet,Venture,2004,Purple,8/15/1941,L
967,Sidnee,Philson,sphilsonqu@diigo.com,Male,Chevrolet,Metro,2001,Crimson,3/4/1941,XL
968,Forrester,Tousy,ftousyqv@eventbrite.com,Male,Saturn,S-Series,1999,Orange,9/9/1987,L
969,Eve,Compston,ecompstonqw@odnoklassniki.ru,Female,Dodge,Magnum,2005,Puce,2/20/1968,M
970,Lotte,Butterick,lbutterickqx@comsenz.com,Female,Suzuki,Swift,2005,Blue,9/25/1971,L
971,Selene,Alishoner,salishonerqy@unblog.fr,Female,Volkswagen,GTI,2012,Red,1/17/1961,XS
972,Gaultiero,Sammon,gsammonqz@usda.gov,Male,Bentley,Arnage,2009,Turquoise,1/29/1949,XS
973,Teodora,Corrado,tcorrador0@godaddy.com,Female,Plymouth,Volare,1976,Goldenrod,11/26/1948,L
974,Jasun,Wyllis,jwyllisr1@nbcnews.com,Male,Pontiac,Aztek,2003,Pink,1/29/1956,XS
975,Godfry,Mutton,gmuttonr2@intel.com,Male,Mitsubishi,Outlander,2010,Teal,4/19/1981,M
976,Barry,Sedgeworth,bsedgeworthr3@china.com.cn,Female,Plymouth,Neon,1996,Maroon,12/28/1971,XS
977,Alleyn,Coleson,acolesonr4@istockphoto.com,Male,Lexus,LS,2009,Red,7/18/1996,L
978,Damon,Stallard,dstallardr5@ucoz.com,Male,Chevrolet,S10,1996,Green,12/26/1982,L
979,Manya,Pollak,mpollakr6@samsung.com,Female,BMW,X6 M,2013,Red,7/15/1949,S
980,Randa,Menelaws,rmenelawsr7@cbc.ca,Female,Volkswagen,Scirocco,1984,Teal,2/9/1968,3XL
981,Mathian,Trays,mtraysr8@vinaora.com,Male,Land Rover,,,,,
982,Arline,Howsden,ahowsdenr9@acquirethisname.com,Female,Subaru,Forester,2011,Purple,2/12/1995,XS
983,Sanson,Matitiaho,smatitiahora@mysql.com,Male,Ford,F250,1984,Aquamarine,11/7/1970,3XL
984,Ernie,Jenicke,ejenickerb@forbes.com,Male,Ford,Econoline E350,2000,Khaki,6/13/1946,XS
985,Astrid,Feehan,afeehanrc@nba.com,Female,Dodge,Ram Van 3500,2001,Pink,7/12/1969,2XL
986,Leticia,Merrifield,lmerrifieldrd@storify.com,Female,Volvo,V70,2007,Maroon,8/7/1995,S
987,Osborne,Benz,obenzre@cdc.gov,Male,Saab,9000,1992,Turquoise,6/23/1949,XS
988,Rafaela,Shah,rshahrf@ow.ly,Female,Hyundai,Azera,2006,Fuscia,8/2/1947,2XL
989,Connor,Branchet,cbranchetrg@census.gov,Male,Mercedes-Benz,600SEL,1993,Red,6/30/1983,L
990,Hugues,Heberden,hheberdenrh@nymag.com,Male,Suzuki,Swift,1995,Red,6/30/1998,2XL
991,Angelica,Josling,ajoslingri@com.com,Female,Ferrari,599 GTB Fiorano,2009,Indigo,10/19/1987,XL
992,Marylin,Shoard,mshoardrj@nsw.gov.au,Female,Porsche,Cayenne,2005,Fuscia,7/23/1988,XL
993,Inness,Rontree,irontreerk@mapy.cz,Male,Cadillac,Eldorado,2002,Yellow,6/10/1978,XL
994,Beatrice,Dorning,bdorningrl@nymag.com,Female,BMW,3 Series,2011,Red,11/19/1994,XL
995,Leon,Brenstuhl,lbrenstuhlrm@princeton.edu,Male,Cadillac,CTS,2012,Yellow,2/1/1977,S
996,Margarita,Freeburn,mfreeburnrn@tinyurl.com,Female,Ford,Mustang,2001,Fuscia,2/21/1999,3XL
997,Nancie,Zecchinelli,nzecchinelliro@delicious.com,Female,Nissan,Sentra,2003,Aquamarine,10/1/1985,L
998,Karena,Popley,kpopleyrp@ca.gov,Female,BMW,530,2005,Purple,4/6/1991,L
999,Randa,Lean,rleanrq@homestead.com,Female,Mazda,B-Series,2002,Puce,7/15/1944,S
1000,Farrel,Boschmann,fboschmannrr@cbslocal.com,Male,Honda,Element,2006,Maroon,9/24/1966,S
